time_period,location,disease_cases
2022-01,A3R7UT64jHf,0
2022-01,A3TeVhjjS2u,0
2022-01,B7X957nA1lM,0
2022-01,BITtrV4c0xf,0
2022-01,BdLcDbLQd88,0
2022-01,BywOwm8jUhf,0
2022-01,CNFRaFUfLjo,1
2022-01,D51gR5DC5vt,1
2022-01,DLyaDAF00hm,0
2022-01,EXKX4gJ9D6Y,0
2022-01,F5xI4hl77mT,1
2022-01,Fh294RrB7an,0
2022-01,GnpIwWbdxdl,0
2022-01,HL5fSUsp2vJ,0
2022-01,HfIRB3HRHvk,0
2022-01,HkwA8YQgJK6,0
2022-01,ICSVN3EZGcy,0
2022-01,IOHIfpVUJGp,0
2022-01,Iqy9A4jXY9l,0
2022-01,JBTkOU5m0Bu,1
2022-01,JH8RPnwv8kB,0
2022-01,LnJ8MTOmgGa,0
2022-01,N7ioObCpMP3,1
2022-01,NSLL7YIXBJH,0
2022-01,O5p5idrXdiw,1
2022-01,P53hVYydxdc,0
2022-01,PUPCyKcUwlS,0
2022-01,PdRpVxkVd9a,0
2022-01,QfZ2pVPRFmz,0
2022-01,QzI3Btz60Ne,0
2022-01,RSAZqrdfXy5,2
2022-01,RZxElQxEbZN,0
2022-01,S8J6p6tGXNb,0
2022-01,SJQ2e9HUvaG,0
2022-01,U8Rk7sYzFmK,0
2022-01,VoOb1wMwKp0,0
2022-01,Wep3D4POB3H,0
2022-01,WfE2smSUNDt,0
2022-01,Yacp1fLlWut,0
2022-01,YmFSl06J6cs,0
2022-01,YnUoe8z0OJY,0
2022-01,ZIo35uAAfZo,0
2022-01,ZULmwVN4Zfv,0
2022-01,ZVmULoI6vcV,0
2022-01,bWmwn3sMsG0,0
2022-01,bX87SmYR3TJ,0
2022-01,bjS2Lp3tLxv,0
2022-01,cMWLZfK0O4z,0
2022-01,eW2b8SUYRWt,0
2022-01,ebbAyOhorzo,0
2022-01,elOK8Y2b3Qn,0
2022-01,ewPc6zXy53n,0
2022-01,gannbFbizVo,0
2022-01,grMJpaDdSrD,0
2022-01,hasbXH0dTqM,0
2022-01,i6gMyoP9ReK,0
2022-01,iqLM1XBMxyu,0
2022-01,j0gE31YxwHQ,0
2022-01,j4HVtKmVtwQ,1
2022-01,jJmNryYp6Mc,0
2022-01,kBRVmS9IKRE,0
2022-01,kfrKchZfqGr,0
2022-01,l8tZrJ55yzg,0
2022-01,mMGyx6JG7wj,0
2022-01,q7VB2VrUr83,0
2022-01,qoayxucpZqH,0
2022-01,rsZaqJl5R0A,0
2022-01,t9XsLKdMwA1,2
2022-01,tSE6ctwvZmP,0
2022-01,uHEl9oRZm8L,0
2022-01,uyGkoQ4F9rT,0
2022-01,vjL1uSC10Jh,0
2022-01,wYKHZ0iyjfd,0
2022-01,xGQwwqLQ819,0
2022-01,yP2GELa6inf,0
2022-01,ycBkX3TlIrL,0
2022-01,zkFZKX5RX1A,0
2022-02,A3R7UT64jHf,0
2022-02,A3TeVhjjS2u,0
2022-02,B7X957nA1lM,0
2022-02,BITtrV4c0xf,0
2022-02,BdLcDbLQd88,0
2022-02,BywOwm8jUhf,0
2022-02,CNFRaFUfLjo,0
2022-02,D51gR5DC5vt,0
2022-02,DLyaDAF00hm,0
2022-02,EXKX4gJ9D6Y,0
2022-02,F5xI4hl77mT,0
2022-02,Fh294RrB7an,0
2022-02,GnpIwWbdxdl,0
2022-02,HL5fSUsp2vJ,0
2022-02,HfIRB3HRHvk,0
2022-02,HkwA8YQgJK6,0
2022-02,ICSVN3EZGcy,0
2022-02,IOHIfpVUJGp,0
2022-02,Iqy9A4jXY9l,0
2022-02,JBTkOU5m0Bu,0
2022-02,JH8RPnwv8kB,0
2022-02,LnJ8MTOmgGa,0
2022-02,N7ioObCpMP3,0
2022-02,NSLL7YIXBJH,0
2022-02,O5p5idrXdiw,0
2022-02,P53hVYydxdc,0
2022-02,PUPCyKcUwlS,0
2022-02,PdRpVxkVd9a,1
2022-02,QfZ2pVPRFmz,0
2022-02,QzI3Btz60Ne,0
2022-02,RSAZqrdfXy5,0
2022-02,RZxElQxEbZN,0
2022-02,S8J6p6tGXNb,0
2022-02,SJQ2e9HUvaG,0
2022-02,U8Rk7sYzFmK,0
2022-02,VoOb1wMwKp0,0
2022-02,Wep3D4POB3H,0
2022-02,WfE2smSUNDt,0
2022-02,Yacp1fLlWut,0
2022-02,YmFSl06J6cs,0
2022-02,YnUoe8z0OJY,0
2022-02,ZIo35uAAfZo,0
2022-02,ZULmwVN4Zfv,0
2022-02,ZVmULoI6vcV,0
2022-02,bWmwn3sMsG0,1
2022-02,bX87SmYR3TJ,0
2022-02,bjS2Lp3tLxv,0
2022-02,cMWLZfK0O4z,0
2022-02,eW2b8SUYRWt,0
2022-02,ebbAyOhorzo,0
2022-02,elOK8Y2b3Qn,0
2022-02,ewPc6zXy53n,0
2022-02,gannbFbizVo,1
2022-02,grMJpaDdSrD,0
2022-02,hasbXH0dTqM,0
2022-02,i6gMyoP9ReK,0
2022-02,iqLM1XBMxyu,0
2022-02,j0gE31YxwHQ,0
2022-02,j4HVtKmVtwQ,0
2022-02,jJmNryYp6Mc,0
2022-02,kBRVmS9IKRE,0
2022-02,kfrKchZfqGr,0
2022-02,l8tZrJ55yzg,0
2022-02,mMGyx6JG7wj,0
2022-02,q7VB2VrUr83,0
2022-02,qoayxucpZqH,0
2022-02,rsZaqJl5R0A,0
2022-02,t9XsLKdMwA1,0
2022-02,tSE6ctwvZmP,0
2022-02,uHEl9oRZm8L,0
2022-02,uyGkoQ4F9rT,0
2022-02,vjL1uSC10Jh,0
2022-02,wYKHZ0iyjfd,0
2022-02,xGQwwqLQ819,0
2022-02,yP2GELa6inf,0
2022-02,ycBkX3TlIrL,0
2022-02,zkFZKX5RX1A,0
2022-03,A3R7UT64jHf,0
2022-03,A3TeVhjjS2u,0
2022-03,B7X957nA1lM,0
2022-03,BITtrV4c0xf,0
2022-03,BdLcDbLQd88,0
2022-03,BywOwm8jUhf,0
2022-03,CNFRaFUfLjo,1
2022-03,D51gR5DC5vt,0
2022-03,DLyaDAF00hm,0
2022-03,EXKX4gJ9D6Y,0
2022-03,F5xI4hl77mT,2
2022-03,Fh294RrB7an,0
2022-03,GnpIwWbdxdl,0
2022-03,HL5fSUsp2vJ,0
2022-03,HfIRB3HRHvk,0
2022-03,HkwA8YQgJK6,0
2022-03,ICSVN3EZGcy,0
2022-03,IOHIfpVUJGp,0
2022-03,Iqy9A4jXY9l,0
2022-03,JBTkOU5m0Bu,0
2022-03,JH8RPnwv8kB,0
2022-03,LnJ8MTOmgGa,0
2022-03,N7ioObCpMP3,0
2022-03,NSLL7YIXBJH,0
2022-03,O5p5idrXdiw,0
2022-03,P53hVYydxdc,0
2022-03,PUPCyKcUwlS,0
2022-03,PdRpVxkVd9a,0
2022-03,QfZ2pVPRFmz,0
2022-03,QzI3Btz60Ne,0
2022-03,RSAZqrdfXy5,1
2022-03,RZxElQxEbZN,0
2022-03,S8J6p6tGXNb,0
2022-03,SJQ2e9HUvaG,0
2022-03,U8Rk7sYzFmK,0
2022-03,VoOb1wMwKp0,0
2022-03,Wep3D4POB3H,0
2022-03,WfE2smSUNDt,0
2022-03,Yacp1fLlWut,0
2022-03,YmFSl06J6cs,1
2022-03,YnUoe8z0OJY,0
2022-03,ZIo35uAAfZo,0
2022-03,ZULmwVN4Zfv,0
2022-03,ZVmULoI6vcV,0
2022-03,bWmwn3sMsG0,1
2022-03,bX87SmYR3TJ,0
2022-03,bjS2Lp3tLxv,0
2022-03,cMWLZfK0O4z,0
2022-03,eW2b8SUYRWt,0
2022-03,ebbAyOhorzo,0
2022-03,elOK8Y2b3Qn,0
2022-03,ewPc6zXy53n,0
2022-03,gannbFbizVo,1
2022-03,grMJpaDdSrD,0
2022-03,hasbXH0dTqM,0
2022-03,i6gMyoP9ReK,0
2022-03,iqLM1XBMxyu,0
2022-03,j0gE31YxwHQ,0
2022-03,j4HVtKmVtwQ,0
2022-03,jJmNryYp6Mc,0
2022-03,kBRVmS9IKRE,0
2022-03,kfrKchZfqGr,0
2022-03,l8tZrJ55yzg,0
2022-03,mMGyx6JG7wj,0
2022-03,q7VB2VrUr83,0
2022-03,qoayxucpZqH,0
2022-03,rsZaqJl5R0A,0
2022-03,t9XsLKdMwA1,0
2022-03,tSE6ctwvZmP,0
2022-03,uHEl9oRZm8L,0
2022-03,uyGkoQ4F9rT,0
2022-03,vjL1uSC10Jh,0
2022-03,wYKHZ0iyjfd,7
2022-03,xGQwwqLQ819,0
2022-03,yP2GELa6inf,1
2022-03,ycBkX3TlIrL,0
2022-03,zkFZKX5RX1A,0
2022-04,A3R7UT64jHf,0
2022-04,A3TeVhjjS2u,0
2022-04,B7X957nA1lM,0
2022-04,BITtrV4c0xf,0
2022-04,BdLcDbLQd88,0
2022-04,BywOwm8jUhf,0
2022-04,CNFRaFUfLjo,0
2022-04,D51gR5DC5vt,0
2022-04,DLyaDAF00hm,0
2022-04,EXKX4gJ9D6Y,0
2022-04,F5xI4hl77mT,1
2022-04,Fh294RrB7an,0
2022-04,GnpIwWbdxdl,0
2022-04,HL5fSUsp2vJ,0
2022-04,HfIRB3HRHvk,0
2022-04,HkwA8YQgJK6,0
2022-04,ICSVN3EZGcy,0
2022-04,IOHIfpVUJGp,0
2022-04,Iqy9A4jXY9l,0
2022-04,JBTkOU5m0Bu,0
2022-04,JH8RPnwv8kB,0
2022-04,LnJ8MTOmgGa,0
2022-04,N7ioObCpMP3,0
2022-04,NSLL7YIXBJH,0
2022-04,O5p5idrXdiw,1
2022-04,P53hVYydxdc,0
2022-04,PUPCyKcUwlS,0
2022-04,PdRpVxkVd9a,0
2022-04,QfZ2pVPRFmz,0
2022-04,QzI3Btz60Ne,0
2022-04,RSAZqrdfXy5,1
2022-04,RZxElQxEbZN,0
2022-04,S8J6p6tGXNb,0
2022-04,SJQ2e9HUvaG,0
2022-04,U8Rk7sYzFmK,0
2022-04,VoOb1wMwKp0,0
2022-04,Wep3D4POB3H,0
2022-04,WfE2smSUNDt,0
2022-04,Yacp1fLlWut,0
2022-04,YmFSl06J6cs,0
2022-04,YnUoe8z0OJY,0
2022-04,ZIo35uAAfZo,1
2022-04,ZULmwVN4Zfv,0
2022-04,ZVmULoI6vcV,0
2022-04,bWmwn3sMsG0,2
2022-04,bX87SmYR3TJ,0
2022-04,bjS2Lp3tLxv,0
2022-04,cMWLZfK0O4z,1
2022-04,eW2b8SUYRWt,0
2022-04,ebbAyOhorzo,0
2022-04,elOK8Y2b3Qn,0
2022-04,ewPc6zXy53n,0
2022-04,gannbFbizVo,1
2022-04,grMJpaDdSrD,0
2022-04,hasbXH0dTqM,0
2022-04,i6gMyoP9ReK,0
2022-04,iqLM1XBMxyu,1
2022-04,j0gE31YxwHQ,0
2022-04,j4HVtKmVtwQ,0
2022-04,jJmNryYp6Mc,0
2022-04,kBRVmS9IKRE,3
2022-04,kfrKchZfqGr,0
2022-04,l8tZrJ55yzg,0
2022-04,mMGyx6JG7wj,0
2022-04,q7VB2VrUr83,1
2022-04,qoayxucpZqH,0
2022-04,rsZaqJl5R0A,0
2022-04,t9XsLKdMwA1,0
2022-04,tSE6ctwvZmP,0
2022-04,uHEl9oRZm8L,1
2022-04,uyGkoQ4F9rT,0
2022-04,vjL1uSC10Jh,0
2022-04,wYKHZ0iyjfd,4
2022-04,xGQwwqLQ819,0
2022-04,yP2GELa6inf,0
2022-04,ycBkX3TlIrL,0
2022-04,zkFZKX5RX1A,0
2022-05,A3R7UT64jHf,1
2022-05,A3TeVhjjS2u,0
2022-05,B7X957nA1lM,0
2022-05,BITtrV4c0xf,0
2022-05,BdLcDbLQd88,0
2022-05,BywOwm8jUhf,0
2022-05,CNFRaFUfLjo,1
2022-05,D51gR5DC5vt,0
2022-05,DLyaDAF00hm,0
2022-05,EXKX4gJ9D6Y,2
2022-05,F5xI4hl77mT,0
2022-05,Fh294RrB7an,0
2022-05,GnpIwWbdxdl,1
2022-05,HL5fSUsp2vJ,0
2022-05,HfIRB3HRHvk,0
2022-05,HkwA8YQgJK6,0
2022-05,ICSVN3EZGcy,1
2022-05,IOHIfpVUJGp,0
2022-05,Iqy9A4jXY9l,0
2022-05,JBTkOU5m0Bu,0
2022-05,JH8RPnwv8kB,0
2022-05,LnJ8MTOmgGa,1
2022-05,N7ioObCpMP3,0
2022-05,NSLL7YIXBJH,0
2022-05,O5p5idrXdiw,0
2022-05,P53hVYydxdc,0
2022-05,PUPCyKcUwlS,0
2022-05,PdRpVxkVd9a,0
2022-05,QfZ2pVPRFmz,0
2022-05,QzI3Btz60Ne,0
2022-05,RSAZqrdfXy5,0
2022-05,RZxElQxEbZN,0
2022-05,S8J6p6tGXNb,0
2022-05,SJQ2e9HUvaG,0
2022-05,U8Rk7sYzFmK,0
2022-05,VoOb1wMwKp0,1
2022-05,Wep3D4POB3H,0
2022-05,WfE2smSUNDt,2
2022-05,Yacp1fLlWut,0
2022-05,YmFSl06J6cs,0
2022-05,YnUoe8z0OJY,0
2022-05,ZIo35uAAfZo,0
2022-05,ZULmwVN4Zfv,0
2022-05,ZVmULoI6vcV,0
2022-05,bWmwn3sMsG0,0
2022-05,bX87SmYR3TJ,0
2022-05,bjS2Lp3tLxv,1
2022-05,cMWLZfK0O4z,0
2022-05,eW2b8SUYRWt,0
2022-05,ebbAyOhorzo,0
2022-05,elOK8Y2b3Qn,1
2022-05,ewPc6zXy53n,0
2022-05,gannbFbizVo,0
2022-05,grMJpaDdSrD,0
2022-05,hasbXH0dTqM,0
2022-05,i6gMyoP9ReK,0
2022-05,iqLM1XBMxyu,0
2022-05,j0gE31YxwHQ,0
2022-05,j4HVtKmVtwQ,2
2022-05,jJmNryYp6Mc,0
2022-05,kBRVmS9IKRE,2
2022-05,kfrKchZfqGr,0
2022-05,l8tZrJ55yzg,0
2022-05,mMGyx6JG7wj,0
2022-05,q7VB2VrUr83,0
2022-05,qoayxucpZqH,0
2022-05,rsZaqJl5R0A,0
2022-05,t9XsLKdMwA1,2
2022-05,tSE6ctwvZmP,0
2022-05,uHEl9oRZm8L,0
2022-05,uyGkoQ4F9rT,0
2022-05,vjL1uSC10Jh,1
2022-05,wYKHZ0iyjfd,6
2022-05,xGQwwqLQ819,0
2022-05,yP2GELa6inf,0
2022-05,ycBkX3TlIrL,0
2022-05,zkFZKX5RX1A,0
2022-06,A3R7UT64jHf,0
2022-06,A3TeVhjjS2u,0
2022-06,B7X957nA1lM,1
2022-06,BITtrV4c0xf,0
2022-06,BdLcDbLQd88,0
2022-06,BywOwm8jUhf,2
2022-06,CNFRaFUfLjo,1
2022-06,D51gR5DC5vt,0
2022-06,DLyaDAF00hm,0
2022-06,EXKX4gJ9D6Y,1
2022-06,F5xI4hl77mT,7
2022-06,Fh294RrB7an,3
2022-06,GnpIwWbdxdl,1
2022-06,HL5fSUsp2vJ,0
2022-06,HfIRB3HRHvk,0
2022-06,HkwA8YQgJK6,0
2022-06,ICSVN3EZGcy,0
2022-06,IOHIfpVUJGp,0
2022-06,Iqy9A4jXY9l,0
2022-06,JBTkOU5m0Bu,0
2022-06,JH8RPnwv8kB,1
2022-06,LnJ8MTOmgGa,0
2022-06,N7ioObCpMP3,1
2022-06,NSLL7YIXBJH,0
2022-06,O5p5idrXdiw,3
2022-06,P53hVYydxdc,1
2022-06,PUPCyKcUwlS,0
2022-06,PdRpVxkVd9a,0
2022-06,QfZ2pVPRFmz,32
2022-06,QzI3Btz60Ne,0
2022-06,RSAZqrdfXy5,0
2022-06,RZxElQxEbZN,0
2022-06,S8J6p6tGXNb,0
2022-06,SJQ2e9HUvaG,1
2022-06,U8Rk7sYzFmK,0
2022-06,VoOb1wMwKp0,0
2022-06,Wep3D4POB3H,0
2022-06,WfE2smSUNDt,3
2022-06,Yacp1fLlWut,0
2022-06,YmFSl06J6cs,0
2022-06,YnUoe8z0OJY,1
2022-06,ZIo35uAAfZo,2
2022-06,ZULmwVN4Zfv,0
2022-06,ZVmULoI6vcV,0
2022-06,bWmwn3sMsG0,3
2022-06,bX87SmYR3TJ,1
2022-06,bjS2Lp3tLxv,1
2022-06,cMWLZfK0O4z,1
2022-06,eW2b8SUYRWt,0
2022-06,ebbAyOhorzo,1
2022-06,elOK8Y2b3Qn,1
2022-06,ewPc6zXy53n,0
2022-06,gannbFbizVo,0
2022-06,grMJpaDdSrD,0
2022-06,hasbXH0dTqM,2
2022-06,i6gMyoP9ReK,0
2022-06,iqLM1XBMxyu,0
2022-06,j0gE31YxwHQ,0
2022-06,j4HVtKmVtwQ,0
2022-06,jJmNryYp6Mc,0
2022-06,kBRVmS9IKRE,0
2022-06,kfrKchZfqGr,0
2022-06,l8tZrJ55yzg,0
2022-06,mMGyx6JG7wj,1
2022-06,q7VB2VrUr83,0
2022-06,qoayxucpZqH,0
2022-06,rsZaqJl5R0A,0
2022-06,t9XsLKdMwA1,4
2022-06,tSE6ctwvZmP,0
2022-06,uHEl9oRZm8L,11
2022-06,uyGkoQ4F9rT,1
2022-06,vjL1uSC10Jh,0
2022-06,wYKHZ0iyjfd,0
2022-06,xGQwwqLQ819,0
2022-06,yP2GELa6inf,2
2022-06,ycBkX3TlIrL,0
2022-06,zkFZKX5RX1A,0
2022-07,A3R7UT64jHf,2
2022-07,A3TeVhjjS2u,6
2022-07,B7X957nA1lM,3
2022-07,BITtrV4c0xf,1
2022-07,BdLcDbLQd88,0
2022-07,BywOwm8jUhf,0
2022-07,CNFRaFUfLjo,2
2022-07,D51gR5DC5vt,6
2022-07,DLyaDAF00hm,0
2022-07,EXKX4gJ9D6Y,1
2022-07,F5xI4hl77mT,109
2022-07,Fh294RrB7an,1
2022-07,GnpIwWbdxdl,1
2022-07,HL5fSUsp2vJ,1
2022-07,HfIRB3HRHvk,6
2022-07,HkwA8YQgJK6,1
2022-07,ICSVN3EZGcy,3
2022-07,IOHIfpVUJGp,0
2022-07,Iqy9A4jXY9l,1
2022-07,JBTkOU5m0Bu,0
2022-07,JH8RPnwv8kB,99
2022-07,LnJ8MTOmgGa,0
2022-07,N7ioObCpMP3,6
2022-07,NSLL7YIXBJH,3
2022-07,O5p5idrXdiw,2
2022-07,P53hVYydxdc,0
2022-07,PUPCyKcUwlS,0
2022-07,PdRpVxkVd9a,2
2022-07,QfZ2pVPRFmz,24
2022-07,QzI3Btz60Ne,2
2022-07,RSAZqrdfXy5,3
2022-07,RZxElQxEbZN,0
2022-07,S8J6p6tGXNb,0
2022-07,SJQ2e9HUvaG,0
2022-07,U8Rk7sYzFmK,0
2022-07,VoOb1wMwKp0,1
2022-07,Wep3D4POB3H,0
2022-07,WfE2smSUNDt,17
2022-07,Yacp1fLlWut,0
2022-07,YmFSl06J6cs,0
2022-07,YnUoe8z0OJY,2
2022-07,ZIo35uAAfZo,8
2022-07,ZULmwVN4Zfv,0
2022-07,ZVmULoI6vcV,5
2022-07,bWmwn3sMsG0,12
2022-07,bX87SmYR3TJ,0
2022-07,bjS2Lp3tLxv,5
2022-07,cMWLZfK0O4z,13
2022-07,eW2b8SUYRWt,0
2022-07,ebbAyOhorzo,16
2022-07,elOK8Y2b3Qn,35
2022-07,ewPc6zXy53n,0
2022-07,gannbFbizVo,4
2022-07,grMJpaDdSrD,0
2022-07,hasbXH0dTqM,7
2022-07,i6gMyoP9ReK,2
2022-07,iqLM1XBMxyu,3
2022-07,j0gE31YxwHQ,0
2022-07,j4HVtKmVtwQ,0
2022-07,jJmNryYp6Mc,0
2022-07,kBRVmS9IKRE,0
2022-07,kfrKchZfqGr,2
2022-07,l8tZrJ55yzg,2
2022-07,mMGyx6JG7wj,27
2022-07,q7VB2VrUr83,1
2022-07,qoayxucpZqH,0
2022-07,rsZaqJl5R0A,221
2022-07,t9XsLKdMwA1,3
2022-07,tSE6ctwvZmP,0
2022-07,uHEl9oRZm8L,30
2022-07,uyGkoQ4F9rT,1
2022-07,vjL1uSC10Jh,1
2022-07,wYKHZ0iyjfd,4
2022-07,xGQwwqLQ819,0
2022-07,yP2GELa6inf,6
2022-07,ycBkX3TlIrL,1
2022-07,zkFZKX5RX1A,2
2022-08,A3R7UT64jHf,5
2022-08,A3TeVhjjS2u,12
2022-08,B7X957nA1lM,4
2022-08,BITtrV4c0xf,3
2022-08,BdLcDbLQd88,0
2022-08,BywOwm8jUhf,10
2022-08,CNFRaFUfLjo,5
2022-08,D51gR5DC5vt,6
2022-08,DLyaDAF00hm,5
2022-08,EXKX4gJ9D6Y,19
2022-08,F5xI4hl77mT,315
2022-08,Fh294RrB7an,3
2022-08,GnpIwWbdxdl,1
2022-08,HL5fSUsp2vJ,0
2022-08,HfIRB3HRHvk,86
2022-08,HkwA8YQgJK6,1
2022-08,ICSVN3EZGcy,3
2022-08,IOHIfpVUJGp,10
2022-08,Iqy9A4jXY9l,5
2022-08,JBTkOU5m0Bu,4
2022-08,JH8RPnwv8kB,1558
2022-08,LnJ8MTOmgGa,2
2022-08,N7ioObCpMP3,6
2022-08,NSLL7YIXBJH,4
2022-08,O5p5idrXdiw,3
2022-08,P53hVYydxdc,0
2022-08,PUPCyKcUwlS,3
2022-08,PdRpVxkVd9a,6
2022-08,QfZ2pVPRFmz,54
2022-08,QzI3Btz60Ne,12
2022-08,RSAZqrdfXy5,13
2022-08,RZxElQxEbZN,1
2022-08,S8J6p6tGXNb,88
2022-08,SJQ2e9HUvaG,0
2022-08,U8Rk7sYzFmK,7
2022-08,VoOb1wMwKp0,2
2022-08,Wep3D4POB3H,2
2022-08,WfE2smSUNDt,33
2022-08,Yacp1fLlWut,1
2022-08,YmFSl06J6cs,2
2022-08,YnUoe8z0OJY,9
2022-08,ZIo35uAAfZo,6
2022-08,ZULmwVN4Zfv,1
2022-08,ZVmULoI6vcV,29
2022-08,bWmwn3sMsG0,26
2022-08,bX87SmYR3TJ,5
2022-08,bjS2Lp3tLxv,19
2022-08,cMWLZfK0O4z,36
2022-08,eW2b8SUYRWt,4
2022-08,ebbAyOhorzo,23
2022-08,elOK8Y2b3Qn,727
2022-08,ewPc6zXy53n,0
2022-08,gannbFbizVo,17
2022-08,grMJpaDdSrD,3
2022-08,hasbXH0dTqM,3
2022-08,i6gMyoP9ReK,4
2022-08,iqLM1XBMxyu,6
2022-08,j0gE31YxwHQ,0
2022-08,j4HVtKmVtwQ,9
2022-08,jJmNryYp6Mc,1
2022-08,kBRVmS9IKRE,1
2022-08,kfrKchZfqGr,1
2022-08,l8tZrJ55yzg,12
2022-08,mMGyx6JG7wj,38
2022-08,q7VB2VrUr83,1
2022-08,qoayxucpZqH,0
2022-08,rsZaqJl5R0A,337
2022-08,t9XsLKdMwA1,14
2022-08,tSE6ctwvZmP,0
2022-08,uHEl9oRZm8L,15
2022-08,uyGkoQ4F9rT,5
2022-08,vjL1uSC10Jh,5
2022-08,wYKHZ0iyjfd,6
2022-08,xGQwwqLQ819,2
2022-08,yP2GELa6inf,21
2022-08,ycBkX3TlIrL,1
2022-08,zkFZKX5RX1A,3
2022-09,A3R7UT64jHf,70
2022-09,A3TeVhjjS2u,70
2022-09,B7X957nA1lM,27
2022-09,BITtrV4c0xf,25
2022-09,BdLcDbLQd88,6
2022-09,BywOwm8jUhf,270
2022-09,CNFRaFUfLjo,68
2022-09,D51gR5DC5vt,10
2022-09,DLyaDAF00hm,36
2022-09,EXKX4gJ9D6Y,63
2022-09,F5xI4hl77mT,374
2022-09,Fh294RrB7an,68
2022-09,GnpIwWbdxdl,21
2022-09,HL5fSUsp2vJ,26
2022-09,HfIRB3HRHvk,1151
2022-09,HkwA8YQgJK6,72
2022-09,ICSVN3EZGcy,77
2022-09,IOHIfpVUJGp,56
2022-09,Iqy9A4jXY9l,80
2022-09,JBTkOU5m0Bu,17
2022-09,JH8RPnwv8kB,6016
2022-09,LnJ8MTOmgGa,75
2022-09,N7ioObCpMP3,25
2022-09,NSLL7YIXBJH,34
2022-09,O5p5idrXdiw,65
2022-09,P53hVYydxdc,11
2022-09,PUPCyKcUwlS,24
2022-09,PdRpVxkVd9a,49
2022-09,QfZ2pVPRFmz,483
2022-09,QzI3Btz60Ne,113
2022-09,RSAZqrdfXy5,395
2022-09,RZxElQxEbZN,1
2022-09,S8J6p6tGXNb,50
2022-09,SJQ2e9HUvaG,20
2022-09,U8Rk7sYzFmK,89
2022-09,VoOb1wMwKp0,29
2022-09,Wep3D4POB3H,14
2022-09,WfE2smSUNDt,244
2022-09,Yacp1fLlWut,5
2022-09,YmFSl06J6cs,15
2022-09,YnUoe8z0OJY,81
2022-09,ZIo35uAAfZo,44
2022-09,ZULmwVN4Zfv,23
2022-09,ZVmULoI6vcV,177
2022-09,bWmwn3sMsG0,82
2022-09,bX87SmYR3TJ,17
2022-09,bjS2Lp3tLxv,1702
2022-09,cMWLZfK0O4z,87
2022-09,eW2b8SUYRWt,54
2022-09,ebbAyOhorzo,33
2022-09,elOK8Y2b3Qn,9891
2022-09,ewPc6zXy53n,2
2022-09,gannbFbizVo,93
2022-09,grMJpaDdSrD,53
2022-09,hasbXH0dTqM,29
2022-09,i6gMyoP9ReK,114
2022-09,iqLM1XBMxyu,84
2022-09,j0gE31YxwHQ,0
2022-09,j4HVtKmVtwQ,87
2022-09,jJmNryYp6Mc,7
2022-09,kBRVmS9IKRE,451
2022-09,kfrKchZfqGr,86
2022-09,l8tZrJ55yzg,64
2022-09,mMGyx6JG7wj,46
2022-09,q7VB2VrUr83,43
2022-09,qoayxucpZqH,2
2022-09,rsZaqJl5R0A,2452
2022-09,t9XsLKdMwA1,121
2022-09,tSE6ctwvZmP,6
2022-09,uHEl9oRZm8L,64
2022-09,uyGkoQ4F9rT,23
2022-09,vjL1uSC10Jh,11
2022-09,wYKHZ0iyjfd,68
2022-09,xGQwwqLQ819,12
2022-09,yP2GELa6inf,53
2022-09,ycBkX3TlIrL,13
2022-09,zkFZKX5RX1A,15
2022-10,A3R7UT64jHf,45
2022-10,A3TeVhjjS2u,57
2022-10,B7X957nA1lM,15
2022-10,BITtrV4c0xf,14
2022-10,BdLcDbLQd88,10
2022-10,BywOwm8jUhf,44
2022-10,CNFRaFUfLjo,125
2022-10,D51gR5DC5vt,4
2022-10,DLyaDAF00hm,0
2022-10,EXKX4gJ9D6Y,37
2022-10,F5xI4hl77mT,370
2022-10,Fh294RrB7an,94
2022-10,GnpIwWbdxdl,12
2022-10,HL5fSUsp2vJ,4
2022-10,HfIRB3HRHvk,4204
2022-10,HkwA8YQgJK6,8
2022-10,ICSVN3EZGcy,150
2022-10,IOHIfpVUJGp,32
2022-10,Iqy9A4jXY9l,105
2022-10,JBTkOU5m0Bu,7
2022-10,JH8RPnwv8kB,1809
2022-10,LnJ8MTOmgGa,192
2022-10,N7ioObCpMP3,6
2022-10,NSLL7YIXBJH,22
2022-10,O5p5idrXdiw,54
2022-10,P53hVYydxdc,1
2022-10,PUPCyKcUwlS,9
2022-10,PdRpVxkVd9a,95
2022-10,QfZ2pVPRFmz,674
2022-10,QzI3Btz60Ne,107
2022-10,RSAZqrdfXy5,11
2022-10,RZxElQxEbZN,2
2022-10,S8J6p6tGXNb,33
2022-10,SJQ2e9HUvaG,10
2022-10,U8Rk7sYzFmK,104
2022-10,VoOb1wMwKp0,55
2022-10,Wep3D4POB3H,5
2022-10,WfE2smSUNDt,6
2022-10,Yacp1fLlWut,2
2022-10,YmFSl06J6cs,13
2022-10,YnUoe8z0OJY,170
2022-10,ZIo35uAAfZo,7
2022-10,ZULmwVN4Zfv,43
2022-10,ZVmULoI6vcV,301
2022-10,bWmwn3sMsG0,51
2022-10,bX87SmYR3TJ,6
2022-10,bjS2Lp3tLxv,575
2022-10,cMWLZfK0O4z,15
2022-10,eW2b8SUYRWt,77
2022-10,ebbAyOhorzo,33
2022-10,elOK8Y2b3Qn,2911
2022-10,ewPc6zXy53n,1
2022-10,gannbFbizVo,63
2022-10,grMJpaDdSrD,81
2022-10,hasbXH0dTqM,55
2022-10,i6gMyoP9ReK,252
2022-10,iqLM1XBMxyu,130
2022-10,j0gE31YxwHQ,0
2022-10,j4HVtKmVtwQ,186
2022-10,jJmNryYp6Mc,4
2022-10,kBRVmS9IKRE,13
2022-10,kfrKchZfqGr,182
2022-10,l8tZrJ55yzg,42
2022-10,mMGyx6JG7wj,46
2022-10,q7VB2VrUr83,6
2022-10,qoayxucpZqH,6
2022-10,rsZaqJl5R0A,2220
2022-10,t9XsLKdMwA1,40
2022-10,tSE6ctwvZmP,5
2022-10,uHEl9oRZm8L,144
2022-10,uyGkoQ4F9rT,8
2022-10,vjL1uSC10Jh,7
2022-10,wYKHZ0iyjfd,92
2022-10,xGQwwqLQ819,7
2022-10,yP2GELa6inf,32
2022-10,ycBkX3TlIrL,18
2022-10,zkFZKX5RX1A,4
2022-11,A3R7UT64jHf,15
2022-11,A3TeVhjjS2u,32
2022-11,B7X957nA1lM,6
2022-11,BITtrV4c0xf,3
2022-11,BdLcDbLQd88,3
2022-11,BywOwm8jUhf,12
2022-11,CNFRaFUfLjo,35
2022-11,D51gR5DC5vt,1
2022-11,DLyaDAF00hm,16
2022-11,EXKX4gJ9D6Y,30
2022-11,F5xI4hl77mT,20
2022-11,Fh294RrB7an,37
2022-11,GnpIwWbdxdl,3
2022-11,HL5fSUsp2vJ,5
2022-11,HfIRB3HRHvk,677
2022-11,HkwA8YQgJK6,2
2022-11,ICSVN3EZGcy,31
2022-11,IOHIfpVUJGp,6
2022-11,Iqy9A4jXY9l,20
2022-11,JBTkOU5m0Bu,4
2022-11,JH8RPnwv8kB,120
2022-11,LnJ8MTOmgGa,8
2022-11,N7ioObCpMP3,4
2022-11,NSLL7YIXBJH,10
2022-11,O5p5idrXdiw,37
2022-11,P53hVYydxdc,0
2022-11,PUPCyKcUwlS,6
2022-11,PdRpVxkVd9a,2
2022-11,QfZ2pVPRFmz,378
2022-11,QzI3Btz60Ne,40
2022-11,RSAZqrdfXy5,4
2022-11,RZxElQxEbZN,1
2022-11,S8J6p6tGXNb,0
2022-11,SJQ2e9HUvaG,0
2022-11,U8Rk7sYzFmK,19
2022-11,VoOb1wMwKp0,21
2022-11,Wep3D4POB3H,3
2022-11,WfE2smSUNDt,0
2022-11,Yacp1fLlWut,4
2022-11,YmFSl06J6cs,4
2022-11,YnUoe8z0OJY,26
2022-11,ZIo35uAAfZo,20
2022-11,ZULmwVN4Zfv,10
2022-11,ZVmULoI6vcV,24
2022-11,bWmwn3sMsG0,14
2022-11,bX87SmYR3TJ,2
2022-11,bjS2Lp3tLxv,120
2022-11,cMWLZfK0O4z,9
2022-11,eW2b8SUYRWt,8
2022-11,ebbAyOhorzo,15
2022-11,elOK8Y2b3Qn,761
2022-11,ewPc6zXy53n,0
2022-11,gannbFbizVo,21
2022-11,grMJpaDdSrD,14
2022-11,hasbXH0dTqM,9
2022-11,i6gMyoP9ReK,18
2022-11,iqLM1XBMxyu,37
2022-11,j0gE31YxwHQ,0
2022-11,j4HVtKmVtwQ,45
2022-11,jJmNryYp6Mc,0
2022-11,kBRVmS9IKRE,0
2022-11,kfrKchZfqGr,78
2022-11,l8tZrJ55yzg,37
2022-11,mMGyx6JG7wj,12
2022-11,q7VB2VrUr83,14
2022-11,qoayxucpZqH,0
2022-11,rsZaqJl5R0A,590
2022-11,t9XsLKdMwA1,65
2022-11,tSE6ctwvZmP,0
2022-11,uHEl9oRZm8L,39
2022-11,uyGkoQ4F9rT,4
2022-11,vjL1uSC10Jh,1
2022-11,wYKHZ0iyjfd,18
2022-11,xGQwwqLQ819,2
2022-11,yP2GELa6inf,17
2022-11,ycBkX3TlIrL,0
2022-11,zkFZKX5RX1A,3
2022-12,A3R7UT64jHf,3
2022-12,A3TeVhjjS2u,4
2022-12,B7X957nA1lM,0
2022-12,BITtrV4c0xf,0
2022-12,BdLcDbLQd88,0
2022-12,BywOwm8jUhf,11
2022-12,CNFRaFUfLjo,16
2022-12,D51gR5DC5vt,3
2022-12,DLyaDAF00hm,4
2022-12,EXKX4gJ9D6Y,1
2022-12,F5xI4hl77mT,16
2022-12,Fh294RrB7an,8
2022-12,GnpIwWbdxdl,0
2022-12,HL5fSUsp2vJ,0
2022-12,HfIRB3HRHvk,21
2022-12,HkwA8YQgJK6,1
2022-12,ICSVN3EZGcy,10
2022-12,IOHIfpVUJGp,2
2022-12,Iqy9A4jXY9l,7
2022-12,JBTkOU5m0Bu,0
2022-12,JH8RPnwv8kB,11
2022-12,LnJ8MTOmgGa,0
2022-12,N7ioObCpMP3,0
2022-12,NSLL7YIXBJH,0
2022-12,O5p5idrXdiw,11
2022-12,P53hVYydxdc,0
2022-12,PUPCyKcUwlS,0
2022-12,PdRpVxkVd9a,1
2022-12,QfZ2pVPRFmz,38
2022-12,QzI3Btz60Ne,0
2022-12,RSAZqrdfXy5,2
2022-12,RZxElQxEbZN,0
2022-12,S8J6p6tGXNb,1
2022-12,SJQ2e9HUvaG,0
2022-12,U8Rk7sYzFmK,0
2022-12,VoOb1wMwKp0,1
2022-12,Wep3D4POB3H,2
2022-12,WfE2smSUNDt,0
2022-12,Yacp1fLlWut,0
2022-12,YmFSl06J6cs,2
2022-12,YnUoe8z0OJY,2
2022-12,ZIo35uAAfZo,9
2022-12,ZULmwVN4Zfv,2
2022-12,ZVmULoI6vcV,21
2022-12,bWmwn3sMsG0,5
2022-12,bX87SmYR3TJ,3
2022-12,bjS2Lp3tLxv,5
2022-12,cMWLZfK0O4z,3
2022-12,eW2b8SUYRWt,2
2022-12,ebbAyOhorzo,2
2022-12,elOK8Y2b3Qn,49
2022-12,ewPc6zXy53n,0
2022-12,gannbFbizVo,20
2022-12,grMJpaDdSrD,1
2022-12,hasbXH0dTqM,1
2022-12,i6gMyoP9ReK,26
2022-12,iqLM1XBMxyu,9
2022-12,j0gE31YxwHQ,0
2022-12,j4HVtKmVtwQ,5
2022-12,jJmNryYp6Mc,0
2022-12,kBRVmS9IKRE,2
2022-12,kfrKchZfqGr,10
2022-12,l8tZrJ55yzg,18
2022-12,mMGyx6JG7wj,2
2022-12,q7VB2VrUr83,5
2022-12,qoayxucpZqH,0
2022-12,rsZaqJl5R0A,17
2022-12,t9XsLKdMwA1,22
2022-12,tSE6ctwvZmP,0
2022-12,uHEl9oRZm8L,14
2022-12,uyGkoQ4F9rT,0
2022-12,vjL1uSC10Jh,0
2022-12,wYKHZ0iyjfd,10
2022-12,xGQwwqLQ819,0
2022-12,yP2GELa6inf,2
2022-12,ycBkX3TlIrL,0
2022-12,zkFZKX5RX1A,0
2023-01,A3R7UT64jHf,0
2023-01,A3TeVhjjS2u,0
2023-01,B7X957nA1lM,0
2023-01,BITtrV4c0xf,0
2023-01,BdLcDbLQd88,0
2023-01,BywOwm8jUhf,9
2023-01,CNFRaFUfLjo,5
2023-01,D51gR5DC5vt,0
2023-01,DLyaDAF00hm,1
2023-01,EXKX4gJ9D6Y,0
2023-01,F5xI4hl77mT,7
2023-01,Fh294RrB7an,1
2023-01,GnpIwWbdxdl,1
2023-01,HL5fSUsp2vJ,0
2023-01,HfIRB3HRHvk,5
2023-01,HkwA8YQgJK6,0
2023-01,ICSVN3EZGcy,2
2023-01,IOHIfpVUJGp,2
2023-01,Iqy9A4jXY9l,1
2023-01,JBTkOU5m0Bu,0
2023-01,JH8RPnwv8kB,4
2023-01,LnJ8MTOmgGa,0
2023-01,N7ioObCpMP3,0
2023-01,NSLL7YIXBJH,0
2023-01,O5p5idrXdiw,2
2023-01,P53hVYydxdc,0
2023-01,PUPCyKcUwlS,0
2023-01,PdRpVxkVd9a,1
2023-01,QfZ2pVPRFmz,2
2023-01,QzI3Btz60Ne,0
2023-01,RSAZqrdfXy5,4
2023-01,RZxElQxEbZN,0
2023-01,S8J6p6tGXNb,0
2023-01,SJQ2e9HUvaG,0
2023-01,U8Rk7sYzFmK,1
2023-01,VoOb1wMwKp0,0
2023-01,Wep3D4POB3H,0
2023-01,WfE2smSUNDt,1
2023-01,Yacp1fLlWut,0
2023-01,YmFSl06J6cs,0
2023-01,YnUoe8z0OJY,1
2023-01,ZIo35uAAfZo,0
2023-01,ZULmwVN4Zfv,0
2023-01,ZVmULoI6vcV,7
2023-01,bWmwn3sMsG0,1
2023-01,bX87SmYR3TJ,1
2023-01,bjS2Lp3tLxv,4
2023-01,cMWLZfK0O4z,0
2023-01,eW2b8SUYRWt,0
2023-01,ebbAyOhorzo,0
2023-01,elOK8Y2b3Qn,10
2023-01,ewPc6zXy53n,0
2023-01,gannbFbizVo,11
2023-01,grMJpaDdSrD,0
2023-01,hasbXH0dTqM,0
2023-01,i6gMyoP9ReK,6
2023-01,iqLM1XBMxyu,2
2023-01,j0gE31YxwHQ,0
2023-01,j4HVtKmVtwQ,1
2023-01,jJmNryYp6Mc,0
2023-01,kBRVmS9IKRE,0
2023-01,kfrKchZfqGr,0
2023-01,l8tZrJ55yzg,5
2023-01,mMGyx6JG7wj,1
2023-01,q7VB2VrUr83,7
2023-01,qoayxucpZqH,0
2023-01,rsZaqJl5R0A,1
2023-01,t9XsLKdMwA1,2
2023-01,tSE6ctwvZmP,0
2023-01,uHEl9oRZm8L,0
2023-01,uyGkoQ4F9rT,0
2023-01,vjL1uSC10Jh,1
2023-01,wYKHZ0iyjfd,5
2023-01,xGQwwqLQ819,0
2023-01,yP2GELa6inf,3
2023-01,ycBkX3TlIrL,0
2023-01,zkFZKX5RX1A,0
2023-02,A3R7UT64jHf,0
2023-02,A3TeVhjjS2u,0
2023-02,B7X957nA1lM,0
2023-02,BITtrV4c0xf,1
2023-02,BdLcDbLQd88,0
2023-02,BywOwm8jUhf,33
2023-02,CNFRaFUfLjo,2
2023-02,D51gR5DC5vt,0
2023-02,DLyaDAF00hm,0
2023-02,EXKX4gJ9D6Y,1
2023-02,F5xI4hl77mT,6
2023-02,Fh294RrB7an,0
2023-02,GnpIwWbdxdl,1
2023-02,HL5fSUsp2vJ,0
2023-02,HfIRB3HRHvk,9
2023-02,HkwA8YQgJK6,2
2023-02,ICSVN3EZGcy,0
2023-02,IOHIfpVUJGp,0
2023-02,Iqy9A4jXY9l,0
2023-02,JBTkOU5m0Bu,0
2023-02,JH8RPnwv8kB,3
2023-02,LnJ8MTOmgGa,2
2023-02,N7ioObCpMP3,0
2023-02,NSLL7YIXBJH,1
2023-02,O5p5idrXdiw,2
2023-02,P53hVYydxdc,0
2023-02,PUPCyKcUwlS,0
2023-02,PdRpVxkVd9a,1
2023-02,QfZ2pVPRFmz,1
2023-02,QzI3Btz60Ne,0
2023-02,RSAZqrdfXy5,4
2023-02,RZxElQxEbZN,0
2023-02,S8J6p6tGXNb,2
2023-02,SJQ2e9HUvaG,0
2023-02,U8Rk7sYzFmK,0
2023-02,VoOb1wMwKp0,0
2023-02,Wep3D4POB3H,0
2023-02,WfE2smSUNDt,1
2023-02,Yacp1fLlWut,0
2023-02,YmFSl06J6cs,0
2023-02,YnUoe8z0OJY,0
2023-02,ZIo35uAAfZo,0
2023-02,ZULmwVN4Zfv,1
2023-02,ZVmULoI6vcV,2
2023-02,bWmwn3sMsG0,4
2023-02,bX87SmYR3TJ,1
2023-02,bjS2Lp3tLxv,0
2023-02,cMWLZfK0O4z,1
2023-02,eW2b8SUYRWt,0
2023-02,ebbAyOhorzo,0
2023-02,elOK8Y2b3Qn,4
2023-02,ewPc6zXy53n,0
2023-02,gannbFbizVo,11
2023-02,grMJpaDdSrD,1
2023-02,hasbXH0dTqM,0
2023-02,i6gMyoP9ReK,2
2023-02,iqLM1XBMxyu,1
2023-02,j0gE31YxwHQ,0
2023-02,j4HVtKmVtwQ,1
2023-02,jJmNryYp6Mc,0
2023-02,kBRVmS9IKRE,0
2023-02,kfrKchZfqGr,0
2023-02,l8tZrJ55yzg,3
2023-02,mMGyx6JG7wj,0
2023-02,q7VB2VrUr83,8
2023-02,qoayxucpZqH,0
2023-02,rsZaqJl5R0A,0
2023-02,t9XsLKdMwA1,12
2023-02,tSE6ctwvZmP,0
2023-02,uHEl9oRZm8L,1
2023-02,uyGkoQ4F9rT,1
2023-02,vjL1uSC10Jh,0
2023-02,wYKHZ0iyjfd,1
2023-02,xGQwwqLQ819,0
2023-02,yP2GELa6inf,2
2023-02,ycBkX3TlIrL,0
2023-02,zkFZKX5RX1A,0
2023-03,A3R7UT64jHf,0
2023-03,A3TeVhjjS2u,0
2023-03,B7X957nA1lM,0
2023-03,BITtrV4c0xf,1
2023-03,BdLcDbLQd88,0
2023-03,BywOwm8jUhf,117
2023-03,CNFRaFUfLjo,6
2023-03,D51gR5DC5vt,0
2023-03,DLyaDAF00hm,0
2023-03,EXKX4gJ9D6Y,0
2023-03,F5xI4hl77mT,4
2023-03,Fh294RrB7an,0
2023-03,GnpIwWbdxdl,1
2023-03,HL5fSUsp2vJ,0
2023-03,HfIRB3HRHvk,12
2023-03,HkwA8YQgJK6,0
2023-03,ICSVN3EZGcy,0
2023-03,IOHIfpVUJGp,0
2023-03,Iqy9A4jXY9l,0
2023-03,JBTkOU5m0Bu,1
2023-03,JH8RPnwv8kB,1
2023-03,LnJ8MTOmgGa,1
2023-03,N7ioObCpMP3,0
2023-03,NSLL7YIXBJH,3
2023-03,O5p5idrXdiw,3
2023-03,P53hVYydxdc,1
2023-03,PUPCyKcUwlS,0
2023-03,PdRpVxkVd9a,0
2023-03,QfZ2pVPRFmz,5
2023-03,QzI3Btz60Ne,0
2023-03,RSAZqrdfXy5,2
2023-03,RZxElQxEbZN,0
2023-03,S8J6p6tGXNb,0
2023-03,SJQ2e9HUvaG,0
2023-03,U8Rk7sYzFmK,0
2023-03,VoOb1wMwKp0,0
2023-03,Wep3D4POB3H,0
2023-03,WfE2smSUNDt,3
2023-03,Yacp1fLlWut,0
2023-03,YmFSl06J6cs,0
2023-03,YnUoe8z0OJY,0
2023-03,ZIo35uAAfZo,1
2023-03,ZULmwVN4Zfv,0
2023-03,ZVmULoI6vcV,0
2023-03,bWmwn3sMsG0,1
2023-03,bX87SmYR3TJ,2
2023-03,bjS2Lp3tLxv,0
2023-03,cMWLZfK0O4z,1
2023-03,eW2b8SUYRWt,0
2023-03,ebbAyOhorzo,2
2023-03,elOK8Y2b3Qn,4
2023-03,ewPc6zXy53n,0
2023-03,gannbFbizVo,0
2023-03,grMJpaDdSrD,1
2023-03,hasbXH0dTqM,0
2023-03,i6gMyoP9ReK,3
2023-03,iqLM1XBMxyu,0
2023-03,j0gE31YxwHQ,0
2023-03,j4HVtKmVtwQ,0
2023-03,jJmNryYp6Mc,0
2023-03,kBRVmS9IKRE,2
2023-03,kfrKchZfqGr,0
2023-03,l8tZrJ55yzg,0
2023-03,mMGyx6JG7wj,4
2023-03,q7VB2VrUr83,0
2023-03,qoayxucpZqH,11
2023-03,rsZaqJl5R0A,2
2023-03,t9XsLKdMwA1,4
2023-03,tSE6ctwvZmP,0
2023-03,uHEl9oRZm8L,0
2023-03,uyGkoQ4F9rT,1
2023-03,vjL1uSC10Jh,1
2023-03,wYKHZ0iyjfd,1
2023-03,xGQwwqLQ819,0
2023-03,yP2GELa6inf,1
2023-03,ycBkX3TlIrL,0
2023-03,zkFZKX5RX1A,0
2023-04,A3R7UT64jHf,0
2023-04,A3TeVhjjS2u,2
2023-04,B7X957nA1lM,0
2023-04,BITtrV4c0xf,0
2023-04,BdLcDbLQd88,0
2023-04,BywOwm8jUhf,15
2023-04,CNFRaFUfLjo,3
2023-04,D51gR5DC5vt,0
2023-04,DLyaDAF00hm,0
2023-04,EXKX4gJ9D6Y,1
2023-04,F5xI4hl77mT,3
2023-04,Fh294RrB7an,0
2023-04,GnpIwWbdxdl,2
2023-04,HL5fSUsp2vJ,0
2023-04,HfIRB3HRHvk,5
2023-04,HkwA8YQgJK6,0
2023-04,ICSVN3EZGcy,2
2023-04,IOHIfpVUJGp,1
2023-04,Iqy9A4jXY9l,0
2023-04,JBTkOU5m0Bu,0
2023-04,JH8RPnwv8kB,0
2023-04,LnJ8MTOmgGa,0
2023-04,N7ioObCpMP3,0
2023-04,NSLL7YIXBJH,0
2023-04,O5p5idrXdiw,3
2023-04,P53hVYydxdc,0
2023-04,PUPCyKcUwlS,1
2023-04,PdRpVxkVd9a,2
2023-04,QfZ2pVPRFmz,41
2023-04,QzI3Btz60Ne,2
2023-04,RSAZqrdfXy5,2
2023-04,RZxElQxEbZN,3
2023-04,S8J6p6tGXNb,0
2023-04,SJQ2e9HUvaG,0
2023-04,U8Rk7sYzFmK,0
2023-04,VoOb1wMwKp0,0
2023-04,Wep3D4POB3H,0
2023-04,WfE2smSUNDt,0
2023-04,Yacp1fLlWut,0
2023-04,YmFSl06J6cs,0
2023-04,YnUoe8z0OJY,0
2023-04,ZIo35uAAfZo,7
2023-04,ZULmwVN4Zfv,0
2023-04,ZVmULoI6vcV,0
2023-04,bWmwn3sMsG0,4
2023-04,bX87SmYR3TJ,0
2023-04,bjS2Lp3tLxv,3
2023-04,cMWLZfK0O4z,0
2023-04,eW2b8SUYRWt,0
2023-04,ebbAyOhorzo,0
2023-04,elOK8Y2b3Qn,1
2023-04,ewPc6zXy53n,0
2023-04,gannbFbizVo,0
2023-04,grMJpaDdSrD,0
2023-04,hasbXH0dTqM,1
2023-04,i6gMyoP9ReK,1
2023-04,iqLM1XBMxyu,27
2023-04,j0gE31YxwHQ,0
2023-04,j4HVtKmVtwQ,1
2023-04,jJmNryYp6Mc,0
2023-04,kBRVmS9IKRE,1
2023-04,kfrKchZfqGr,1
2023-04,l8tZrJ55yzg,2
2023-04,mMGyx6JG7wj,1
2023-04,q7VB2VrUr83,6
2023-04,qoayxucpZqH,0
2023-04,rsZaqJl5R0A,1
2023-04,t9XsLKdMwA1,7
2023-04,tSE6ctwvZmP,0
2023-04,uHEl9oRZm8L,0
2023-04,uyGkoQ4F9rT,0
2023-04,vjL1uSC10Jh,0
2023-04,wYKHZ0iyjfd,1
2023-04,xGQwwqLQ819,0
2023-04,yP2GELa6inf,0
2023-04,ycBkX3TlIrL,0
2023-04,zkFZKX5RX1A,1
2023-05,A3R7UT64jHf,1
2023-05,A3TeVhjjS2u,1
2023-05,B7X957nA1lM,0
2023-05,BITtrV4c0xf,1
2023-05,BdLcDbLQd88,0
2023-05,BywOwm8jUhf,9
2023-05,CNFRaFUfLjo,0
2023-05,D51gR5DC5vt,0
2023-05,DLyaDAF00hm,0
2023-05,EXKX4gJ9D6Y,1
2023-05,F5xI4hl77mT,0
2023-05,Fh294RrB7an,0
2023-05,GnpIwWbdxdl,5
2023-05,HL5fSUsp2vJ,1
2023-05,HfIRB3HRHvk,2
2023-05,HkwA8YQgJK6,2
2023-05,ICSVN3EZGcy,2
2023-05,IOHIfpVUJGp,0
2023-05,Iqy9A4jXY9l,0
2023-05,JBTkOU5m0Bu,1
2023-05,JH8RPnwv8kB,2
2023-05,LnJ8MTOmgGa,0
2023-05,N7ioObCpMP3,0
2023-05,NSLL7YIXBJH,1
2023-05,O5p5idrXdiw,1
2023-05,P53hVYydxdc,0
2023-05,PUPCyKcUwlS,0
2023-05,PdRpVxkVd9a,1
2023-05,QfZ2pVPRFmz,18
2023-05,QzI3Btz60Ne,2
2023-05,RSAZqrdfXy5,0
2023-05,RZxElQxEbZN,0
2023-05,S8J6p6tGXNb,0
2023-05,SJQ2e9HUvaG,0
2023-05,U8Rk7sYzFmK,0
2023-05,VoOb1wMwKp0,0
2023-05,Wep3D4POB3H,0
2023-05,WfE2smSUNDt,0
2023-05,Yacp1fLlWut,1
2023-05,YmFSl06J6cs,0
2023-05,YnUoe8z0OJY,2
2023-05,ZIo35uAAfZo,15
2023-05,ZULmwVN4Zfv,0
2023-05,ZVmULoI6vcV,0
2023-05,bWmwn3sMsG0,5
2023-05,bX87SmYR3TJ,0
2023-05,bjS2Lp3tLxv,4
2023-05,cMWLZfK0O4z,9
2023-05,eW2b8SUYRWt,0
2023-05,ebbAyOhorzo,0
2023-05,elOK8Y2b3Qn,2
2023-05,ewPc6zXy53n,0
2023-05,gannbFbizVo,0
2023-05,grMJpaDdSrD,0
2023-05,hasbXH0dTqM,0
2023-05,i6gMyoP9ReK,1
2023-05,iqLM1XBMxyu,35
2023-05,j0gE31YxwHQ,0
2023-05,j4HVtKmVtwQ,0
2023-05,jJmNryYp6Mc,0
2023-05,kBRVmS9IKRE,0
2023-05,kfrKchZfqGr,4
2023-05,l8tZrJ55yzg,2
2023-05,mMGyx6JG7wj,0
2023-05,q7VB2VrUr83,6
2023-05,qoayxucpZqH,0
2023-05,rsZaqJl5R0A,0
2023-05,t9XsLKdMwA1,4
2023-05,tSE6ctwvZmP,1
2023-05,uHEl9oRZm8L,13
2023-05,uyGkoQ4F9rT,0
2023-05,vjL1uSC10Jh,0
2023-05,wYKHZ0iyjfd,2
2023-05,xGQwwqLQ819,0
2023-05,yP2GELa6inf,1
2023-05,ycBkX3TlIrL,0
2023-05,zkFZKX5RX1A,0
2023-06,A3R7UT64jHf,0
2023-06,A3TeVhjjS2u,1
2023-06,B7X957nA1lM,0
2023-06,BITtrV4c0xf,0
2023-06,BdLcDbLQd88,1
2023-06,BywOwm8jUhf,5
2023-06,CNFRaFUfLjo,8
2023-06,D51gR5DC5vt,0
2023-06,DLyaDAF00hm,0
2023-06,EXKX4gJ9D6Y,1
2023-06,F5xI4hl77mT,6
2023-06,Fh294RrB7an,1
2023-06,GnpIwWbdxdl,4
2023-06,HL5fSUsp2vJ,0
2023-06,HfIRB3HRHvk,3
2023-06,HkwA8YQgJK6,0
2023-06,ICSVN3EZGcy,1
2023-06,IOHIfpVUJGp,0
2023-06,Iqy9A4jXY9l,2
2023-06,JBTkOU5m0Bu,4
2023-06,JH8RPnwv8kB,8
2023-06,LnJ8MTOmgGa,2
2023-06,N7ioObCpMP3,0
2023-06,NSLL7YIXBJH,0
2023-06,O5p5idrXdiw,7
2023-06,P53hVYydxdc,0
2023-06,PUPCyKcUwlS,5
2023-06,PdRpVxkVd9a,8
2023-06,QfZ2pVPRFmz,78
2023-06,QzI3Btz60Ne,15
2023-06,RSAZqrdfXy5,8
2023-06,RZxElQxEbZN,3
2023-06,S8J6p6tGXNb,13
2023-06,SJQ2e9HUvaG,0
2023-06,U8Rk7sYzFmK,1
2023-06,VoOb1wMwKp0,0
2023-06,Wep3D4POB3H,0
2023-06,WfE2smSUNDt,0
2023-06,Yacp1fLlWut,0
2023-06,YmFSl06J6cs,0
2023-06,YnUoe8z0OJY,1
2023-06,ZIo35uAAfZo,2
2023-06,ZULmwVN4Zfv,0
2023-06,ZVmULoI6vcV,1
2023-06,bWmwn3sMsG0,10
2023-06,bX87SmYR3TJ,1
2023-06,bjS2Lp3tLxv,7
2023-06,cMWLZfK0O4z,2
2023-06,eW2b8SUYRWt,7
2023-06,ebbAyOhorzo,0
2023-06,elOK8Y2b3Qn,11
2023-06,ewPc6zXy53n,0
2023-06,gannbFbizVo,1
2023-06,grMJpaDdSrD,6
2023-06,hasbXH0dTqM,6
2023-06,i6gMyoP9ReK,667
2023-06,iqLM1XBMxyu,42
2023-06,j0gE31YxwHQ,0
2023-06,j4HVtKmVtwQ,0
2023-06,jJmNryYp6Mc,0
2023-06,kBRVmS9IKRE,1
2023-06,kfrKchZfqGr,7
2023-06,l8tZrJ55yzg,4
2023-06,mMGyx6JG7wj,2
2023-06,q7VB2VrUr83,4
2023-06,qoayxucpZqH,0
2023-06,rsZaqJl5R0A,3
2023-06,t9XsLKdMwA1,5
2023-06,tSE6ctwvZmP,2
2023-06,uHEl9oRZm8L,35
2023-06,uyGkoQ4F9rT,2
2023-06,vjL1uSC10Jh,2
2023-06,wYKHZ0iyjfd,2
2023-06,xGQwwqLQ819,0
2023-06,yP2GELa6inf,1
2023-06,ycBkX3TlIrL,1
2023-06,zkFZKX5RX1A,1
2023-07,A3R7UT64jHf,2
2023-07,A3TeVhjjS2u,0
2023-07,B7X957nA1lM,2
2023-07,BITtrV4c0xf,5
2023-07,BdLcDbLQd88,10
2023-07,BywOwm8jUhf,3
2023-07,CNFRaFUfLjo,453
2023-07,D51gR5DC5vt,2
2023-07,DLyaDAF00hm,5
2023-07,EXKX4gJ9D6Y,0
2023-07,F5xI4hl77mT,19
2023-07,Fh294RrB7an,4
2023-07,GnpIwWbdxdl,26
2023-07,HL5fSUsp2vJ,2
2023-07,HfIRB3HRHvk,35
2023-07,HkwA8YQgJK6,1
2023-07,ICSVN3EZGcy,1
2023-07,IOHIfpVUJGp,0
2023-07,Iqy9A4jXY9l,0
2023-07,JBTkOU5m0Bu,3
2023-07,JH8RPnwv8kB,75
2023-07,LnJ8MTOmgGa,7
2023-07,N7ioObCpMP3,0
2023-07,NSLL7YIXBJH,0
2023-07,O5p5idrXdiw,739
2023-07,P53hVYydxdc,0
2023-07,PUPCyKcUwlS,20
2023-07,PdRpVxkVd9a,10
2023-07,QfZ2pVPRFmz,510
2023-07,QzI3Btz60Ne,27
2023-07,RSAZqrdfXy5,29
2023-07,RZxElQxEbZN,2
2023-07,S8J6p6tGXNb,42
2023-07,SJQ2e9HUvaG,2
2023-07,U8Rk7sYzFmK,5
2023-07,VoOb1wMwKp0,10
2023-07,Wep3D4POB3H,1
2023-07,WfE2smSUNDt,3
2023-07,Yacp1fLlWut,0
2023-07,YmFSl06J6cs,0
2023-07,YnUoe8z0OJY,1
2023-07,ZIo35uAAfZo,3
2023-07,ZULmwVN4Zfv,4
2023-07,ZVmULoI6vcV,8
2023-07,bWmwn3sMsG0,16
2023-07,bX87SmYR3TJ,5
2023-07,bjS2Lp3tLxv,12
2023-07,cMWLZfK0O4z,9
2023-07,eW2b8SUYRWt,144
2023-07,ebbAyOhorzo,1
2023-07,elOK8Y2b3Qn,64
2023-07,ewPc6zXy53n,0
2023-07,gannbFbizVo,5
2023-07,grMJpaDdSrD,81
2023-07,hasbXH0dTqM,41
2023-07,i6gMyoP9ReK,3731
2023-07,iqLM1XBMxyu,101
2023-07,j0gE31YxwHQ,0
2023-07,j4HVtKmVtwQ,4
2023-07,jJmNryYp6Mc,0
2023-07,kBRVmS9IKRE,0
2023-07,kfrKchZfqGr,3
2023-07,l8tZrJ55yzg,0
2023-07,mMGyx6JG7wj,6
2023-07,q7VB2VrUr83,27
2023-07,qoayxucpZqH,0
2023-07,rsZaqJl5R0A,7
2023-07,t9XsLKdMwA1,23
2023-07,tSE6ctwvZmP,4
2023-07,uHEl9oRZm8L,63
2023-07,uyGkoQ4F9rT,5
2023-07,vjL1uSC10Jh,2
2023-07,wYKHZ0iyjfd,4
2023-07,xGQwwqLQ819,1
2023-07,yP2GELa6inf,2
2023-07,ycBkX3TlIrL,2
2023-07,zkFZKX5RX1A,0
2023-08,A3R7UT64jHf,13
2023-08,A3TeVhjjS2u,10
2023-08,B7X957nA1lM,18
2023-08,BITtrV4c0xf,34
2023-08,BdLcDbLQd88,21
2023-08,BywOwm8jUhf,38
2023-08,CNFRaFUfLjo,854
2023-08,D51gR5DC5vt,0
2023-08,DLyaDAF00hm,10
2023-08,EXKX4gJ9D6Y,34
2023-08,F5xI4hl77mT,47
2023-08,Fh294RrB7an,3
2023-08,GnpIwWbdxdl,44
2023-08,HL5fSUsp2vJ,2
2023-08,HfIRB3HRHvk,154
2023-08,HkwA8YQgJK6,29
2023-08,ICSVN3EZGcy,9
2023-08,IOHIfpVUJGp,4
2023-08,Iqy9A4jXY9l,24
2023-08,JBTkOU5m0Bu,30
2023-08,JH8RPnwv8kB,136
2023-08,LnJ8MTOmgGa,12
2023-08,N7ioObCpMP3,8
2023-08,NSLL7YIXBJH,16
2023-08,O5p5idrXdiw,1487
2023-08,P53hVYydxdc,0
2023-08,PUPCyKcUwlS,90
2023-08,PdRpVxkVd9a,14
2023-08,QfZ2pVPRFmz,1488
2023-08,QzI3Btz60Ne,35
2023-08,RSAZqrdfXy5,213
2023-08,RZxElQxEbZN,1
2023-08,S8J6p6tGXNb,86
2023-08,SJQ2e9HUvaG,1
2023-08,U8Rk7sYzFmK,18
2023-08,VoOb1wMwKp0,69
2023-08,Wep3D4POB3H,2
2023-08,WfE2smSUNDt,21
2023-08,Yacp1fLlWut,0
2023-08,YmFSl06J6cs,331
2023-08,YnUoe8z0OJY,25
2023-08,ZIo35uAAfZo,9
2023-08,ZULmwVN4Zfv,74
2023-08,ZVmULoI6vcV,31
2023-08,bWmwn3sMsG0,62
2023-08,bX87SmYR3TJ,35
2023-08,bjS2Lp3tLxv,40
2023-08,cMWLZfK0O4z,65
2023-08,eW2b8SUYRWt,187
2023-08,ebbAyOhorzo,7
2023-08,elOK8Y2b3Qn,333
2023-08,ewPc6zXy53n,0
2023-08,gannbFbizVo,18
2023-08,grMJpaDdSrD,74
2023-08,hasbXH0dTqM,107
2023-08,i6gMyoP9ReK,7248
2023-08,iqLM1XBMxyu,57
2023-08,j0gE31YxwHQ,0
2023-08,j4HVtKmVtwQ,23
2023-08,jJmNryYp6Mc,0
2023-08,kBRVmS9IKRE,9
2023-08,kfrKchZfqGr,133
2023-08,l8tZrJ55yzg,23
2023-08,mMGyx6JG7wj,13
2023-08,q7VB2VrUr83,11
2023-08,qoayxucpZqH,0
2023-08,rsZaqJl5R0A,27
2023-08,t9XsLKdMwA1,58
2023-08,tSE6ctwvZmP,11
2023-08,uHEl9oRZm8L,310
2023-08,uyGkoQ4F9rT,20
2023-08,vjL1uSC10Jh,32
2023-08,wYKHZ0iyjfd,15
2023-08,xGQwwqLQ819,2
2023-08,yP2GELa6inf,4
2023-08,ycBkX3TlIrL,5
2023-08,zkFZKX5RX1A,5
2023-09,A3R7UT64jHf,11
2023-09,A3TeVhjjS2u,9
2023-09,B7X957nA1lM,25
2023-09,BITtrV4c0xf,29
2023-09,BdLcDbLQd88,0
2023-09,BywOwm8jUhf,15
2023-09,CNFRaFUfLjo,2212
2023-09,D51gR5DC5vt,0
2023-09,DLyaDAF00hm,6
2023-09,EXKX4gJ9D6Y,3
2023-09,F5xI4hl77mT,73
2023-09,Fh294RrB7an,31
2023-09,GnpIwWbdxdl,34
2023-09,HL5fSUsp2vJ,3
2023-09,HfIRB3HRHvk,125
2023-09,HkwA8YQgJK6,5
2023-09,ICSVN3EZGcy,14
2023-09,IOHIfpVUJGp,16
2023-09,Iqy9A4jXY9l,21
2023-09,JBTkOU5m0Bu,20
2023-09,JH8RPnwv8kB,82
2023-09,LnJ8MTOmgGa,41
2023-09,N7ioObCpMP3,7
2023-09,NSLL7YIXBJH,18
2023-09,O5p5idrXdiw,22
2023-09,P53hVYydxdc,23
2023-09,PUPCyKcUwlS,39
2023-09,PdRpVxkVd9a,21
2023-09,QfZ2pVPRFmz,965
2023-09,QzI3Btz60Ne,46
2023-09,RSAZqrdfXy5,309
2023-09,RZxElQxEbZN,7
2023-09,S8J6p6tGXNb,80
2023-09,SJQ2e9HUvaG,9
2023-09,U8Rk7sYzFmK,39
2023-09,VoOb1wMwKp0,96
2023-09,Wep3D4POB3H,1
2023-09,WfE2smSUNDt,38
2023-09,Yacp1fLlWut,1
2023-09,YmFSl06J6cs,0
2023-09,YnUoe8z0OJY,69
2023-09,ZIo35uAAfZo,31
2023-09,ZULmwVN4Zfv,323
2023-09,ZVmULoI6vcV,52
2023-09,bWmwn3sMsG0,152
2023-09,bX87SmYR3TJ,22
2023-09,bjS2Lp3tLxv,42
2023-09,cMWLZfK0O4z,93
2023-09,eW2b8SUYRWt,100
2023-09,ebbAyOhorzo,20
2023-09,elOK8Y2b3Qn,634
2023-09,ewPc6zXy53n,1
2023-09,gannbFbizVo,15
2023-09,grMJpaDdSrD,15
2023-09,hasbXH0dTqM,120
2023-09,i6gMyoP9ReK,4407
2023-09,iqLM1XBMxyu,331
2023-09,j0gE31YxwHQ,0
2023-09,j4HVtKmVtwQ,17
2023-09,jJmNryYp6Mc,11
2023-09,kBRVmS9IKRE,32
2023-09,kfrKchZfqGr,1764
2023-09,l8tZrJ55yzg,26
2023-09,mMGyx6JG7wj,22
2023-09,q7VB2VrUr83,1
2023-09,qoayxucpZqH,0
2023-09,rsZaqJl5R0A,45
2023-09,t9XsLKdMwA1,61
2023-09,tSE6ctwvZmP,5
2023-09,uHEl9oRZm8L,467
2023-09,uyGkoQ4F9rT,10
2023-09,vjL1uSC10Jh,30
2023-09,wYKHZ0iyjfd,12
2023-09,xGQwwqLQ819,9
2023-09,yP2GELa6inf,10
2023-09,ycBkX3TlIrL,9
2023-09,zkFZKX5RX1A,4
2023-10,A3R7UT64jHf,14
2023-10,A3TeVhjjS2u,363
2023-10,B7X957nA1lM,31
2023-10,BITtrV4c0xf,19
2023-10,BdLcDbLQd88,4
2023-10,BywOwm8jUhf,18
2023-10,CNFRaFUfLjo,184
2023-10,D51gR5DC5vt,0
2023-10,DLyaDAF00hm,9
2023-10,EXKX4gJ9D6Y,27
2023-10,F5xI4hl77mT,101
2023-10,Fh294RrB7an,18
2023-10,GnpIwWbdxdl,54
2023-10,HL5fSUsp2vJ,5
2023-10,HfIRB3HRHvk,241
2023-10,HkwA8YQgJK6,1
2023-10,ICSVN3EZGcy,35
2023-10,IOHIfpVUJGp,14
2023-10,Iqy9A4jXY9l,428
2023-10,JBTkOU5m0Bu,13
2023-10,JH8RPnwv8kB,193
2023-10,LnJ8MTOmgGa,26
2023-10,N7ioObCpMP3,13
2023-10,NSLL7YIXBJH,15
2023-10,O5p5idrXdiw,36
2023-10,P53hVYydxdc,31
2023-10,PUPCyKcUwlS,5
2023-10,PdRpVxkVd9a,31
2023-10,QfZ2pVPRFmz,123
2023-10,QzI3Btz60Ne,55
2023-10,RSAZqrdfXy5,330
2023-10,RZxElQxEbZN,1
2023-10,S8J6p6tGXNb,31
2023-10,SJQ2e9HUvaG,6
2023-10,U8Rk7sYzFmK,39
2023-10,VoOb1wMwKp0,57
2023-10,Wep3D4POB3H,5
2023-10,WfE2smSUNDt,67
2023-10,Yacp1fLlWut,9
2023-10,YmFSl06J6cs,23
2023-10,YnUoe8z0OJY,586
2023-10,ZIo35uAAfZo,146
2023-10,ZULmwVN4Zfv,162
2023-10,ZVmULoI6vcV,27
2023-10,bWmwn3sMsG0,147
2023-10,bX87SmYR3TJ,19
2023-10,bjS2Lp3tLxv,23
2023-10,cMWLZfK0O4z,57
2023-10,eW2b8SUYRWt,167
2023-10,ebbAyOhorzo,16
2023-10,elOK8Y2b3Qn,878
2023-10,ewPc6zXy53n,0
2023-10,gannbFbizVo,21
2023-10,grMJpaDdSrD,7
2023-10,hasbXH0dTqM,160
2023-10,i6gMyoP9ReK,94
2023-10,iqLM1XBMxyu,1946
2023-10,j0gE31YxwHQ,0
2023-10,j4HVtKmVtwQ,10
2023-10,jJmNryYp6Mc,1
2023-10,kBRVmS9IKRE,17
2023-10,kfrKchZfqGr,4605
2023-10,l8tZrJ55yzg,60
2023-10,mMGyx6JG7wj,15
2023-10,q7VB2VrUr83,38
2023-10,qoayxucpZqH,3
2023-10,rsZaqJl5R0A,47
2023-10,t9XsLKdMwA1,102
2023-10,tSE6ctwvZmP,3
2023-10,uHEl9oRZm8L,244
2023-10,uyGkoQ4F9rT,9
2023-10,vjL1uSC10Jh,13
2023-10,wYKHZ0iyjfd,9
2023-10,xGQwwqLQ819,13
2023-10,yP2GELa6inf,18
2023-10,ycBkX3TlIrL,7
2023-10,zkFZKX5RX1A,5
2023-11,A3R7UT64jHf,4
2023-11,A3TeVhjjS2u,152
2023-11,B7X957nA1lM,14
2023-11,BITtrV4c0xf,10
2023-11,BdLcDbLQd88,0
2023-11,BywOwm8jUhf,4
2023-11,CNFRaFUfLjo,70
2023-11,D51gR5DC5vt,0
2023-11,DLyaDAF00hm,5
2023-11,EXKX4gJ9D6Y,2
2023-11,F5xI4hl77mT,21
2023-11,Fh294RrB7an,2
2023-11,GnpIwWbdxdl,0
2023-11,HL5fSUsp2vJ,0
2023-11,HfIRB3HRHvk,30
2023-11,HkwA8YQgJK6,0
2023-11,ICSVN3EZGcy,3
2023-11,IOHIfpVUJGp,0
2023-11,Iqy9A4jXY9l,21
2023-11,JBTkOU5m0Bu,0
2023-11,JH8RPnwv8kB,31
2023-11,LnJ8MTOmgGa,1
2023-11,N7ioObCpMP3,1
2023-11,NSLL7YIXBJH,0
2023-11,O5p5idrXdiw,20
2023-11,P53hVYydxdc,11
2023-11,PUPCyKcUwlS,1
2023-11,PdRpVxkVd9a,2
2023-11,QfZ2pVPRFmz,6
2023-11,QzI3Btz60Ne,1
2023-11,RSAZqrdfXy5,80
2023-11,RZxElQxEbZN,0
2023-11,S8J6p6tGXNb,3
2023-11,SJQ2e9HUvaG,0
2023-11,U8Rk7sYzFmK,4
2023-11,VoOb1wMwKp0,3
2023-11,Wep3D4POB3H,0
2023-11,WfE2smSUNDt,6
2023-11,Yacp1fLlWut,0
2023-11,YmFSl06J6cs,6
2023-11,YnUoe8z0OJY,63
2023-11,ZIo35uAAfZo,53
2023-11,ZULmwVN4Zfv,0
2023-11,ZVmULoI6vcV,33
2023-11,bWmwn3sMsG0,23
2023-11,bX87SmYR3TJ,0
2023-11,bjS2Lp3tLxv,4
2023-11,cMWLZfK0O4z,3
2023-11,eW2b8SUYRWt,0
2023-11,ebbAyOhorzo,2
2023-11,elOK8Y2b3Qn,108
2023-11,ewPc6zXy53n,1
2023-11,gannbFbizVo,2
2023-11,grMJpaDdSrD,1
2023-11,hasbXH0dTqM,21
2023-11,i6gMyoP9ReK,9
2023-11,iqLM1XBMxyu,473
2023-11,j0gE31YxwHQ,0
2023-11,j4HVtKmVtwQ,6
2023-11,jJmNryYp6Mc,0
2023-11,kBRVmS9IKRE,0
2023-11,kfrKchZfqGr,650
2023-11,l8tZrJ55yzg,8
2023-11,mMGyx6JG7wj,5
2023-11,q7VB2VrUr83,2
2023-11,qoayxucpZqH,0
2023-11,rsZaqJl5R0A,8
2023-11,t9XsLKdMwA1,25
2023-11,tSE6ctwvZmP,2
2023-11,uHEl9oRZm8L,20
2023-11,uyGkoQ4F9rT,2
2023-11,vjL1uSC10Jh,9
2023-11,wYKHZ0iyjfd,1
2023-11,xGQwwqLQ819,4
2023-11,yP2GELa6inf,8
2023-11,ycBkX3TlIrL,0
2023-11,zkFZKX5RX1A,0
2023-12,A3R7UT64jHf,1
2023-12,A3TeVhjjS2u,2
2023-12,B7X957nA1lM,6
2023-12,BITtrV4c0xf,1
2023-12,BdLcDbLQd88,0
2023-12,BywOwm8jUhf,1
2023-12,CNFRaFUfLjo,28
2023-12,D51gR5DC5vt,1
2023-12,DLyaDAF00hm,1
2023-12,EXKX4gJ9D6Y,4
2023-12,F5xI4hl77mT,6
2023-12,Fh294RrB7an,0
2023-12,GnpIwWbdxdl,0
2023-12,HL5fSUsp2vJ,0
2023-12,HfIRB3HRHvk,9
2023-12,HkwA8YQgJK6,0
2023-12,ICSVN3EZGcy,0
2023-12,IOHIfpVUJGp,0
2023-12,Iqy9A4jXY9l,5
2023-12,JBTkOU5m0Bu,0
2023-12,JH8RPnwv8kB,8
2023-12,LnJ8MTOmgGa,0
2023-12,N7ioObCpMP3,0
2023-12,NSLL7YIXBJH,0
2023-12,O5p5idrXdiw,6
2023-12,P53hVYydxdc,4
2023-12,PUPCyKcUwlS,1
2023-12,PdRpVxkVd9a,0
2023-12,QfZ2pVPRFmz,2
2023-12,QzI3Btz60Ne,0
2023-12,RSAZqrdfXy5,13
2023-12,RZxElQxEbZN,0
2023-12,S8J6p6tGXNb,0
2023-12,SJQ2e9HUvaG,0
2023-12,U8Rk7sYzFmK,0
2023-12,VoOb1wMwKp0,1
2023-12,Wep3D4POB3H,0
2023-12,WfE2smSUNDt,1
2023-12,Yacp1fLlWut,0
2023-12,YmFSl06J6cs,0
2023-12,YnUoe8z0OJY,13
2023-12,ZIo35uAAfZo,15
2023-12,ZULmwVN4Zfv,0
2023-12,ZVmULoI6vcV,0
2023-12,bWmwn3sMsG0,11
2023-12,bX87SmYR3TJ,0
2023-12,bjS2Lp3tLxv,1
2023-12,cMWLZfK0O4z,0
2023-12,eW2b8SUYRWt,0
2023-12,ebbAyOhorzo,2
2023-12,elOK8Y2b3Qn,27
2023-12,ewPc6zXy53n,0
2023-12,gannbFbizVo,1
2023-12,grMJpaDdSrD,0
2023-12,hasbXH0dTqM,2
2023-12,i6gMyoP9ReK,5
2023-12,iqLM1XBMxyu,54
2023-12,j0gE31YxwHQ,0
2023-12,j4HVtKmVtwQ,1
2023-12,jJmNryYp6Mc,0
2023-12,kBRVmS9IKRE,0
2023-12,kfrKchZfqGr,26
2023-12,l8tZrJ55yzg,1
2023-12,mMGyx6JG7wj,1
2023-12,q7VB2VrUr83,3
2023-12,qoayxucpZqH,0
2023-12,rsZaqJl5R0A,2
2023-12,t9XsLKdMwA1,3
2023-12,tSE6ctwvZmP,0
2023-12,uHEl9oRZm8L,2
2023-12,uyGkoQ4F9rT,0
2023-12,vjL1uSC10Jh,3
2023-12,wYKHZ0iyjfd,1
2023-12,xGQwwqLQ819,0
2023-12,yP2GELa6inf,2
2023-12,ycBkX3TlIrL,0
2023-12,zkFZKX5RX1A,0
2024-01,A3R7UT64jHf,0
2024-01,A3TeVhjjS2u,0
2024-01,B7X957nA1lM,5
2024-01,BITtrV4c0xf,0
2024-01,BdLcDbLQd88,0
2024-01,BywOwm8jUhf,0
2024-01,CNFRaFUfLjo,22
2024-01,D51gR5DC5vt,0
2024-01,DLyaDAF00hm,0
2024-01,EXKX4gJ9D6Y,0
2024-01,F5xI4hl77mT,3
2024-01,Fh294RrB7an,2
2024-01,GnpIwWbdxdl,0
2024-01,HL5fSUsp2vJ,0
2024-01,HfIRB3HRHvk,14
2024-01,HkwA8YQgJK6,4
2024-01,ICSVN3EZGcy,1
2024-01,IOHIfpVUJGp,0
2024-01,Iqy9A4jXY9l,5
2024-01,JBTkOU5m0Bu,0
2024-01,JH8RPnwv8kB,10
2024-01,LnJ8MTOmgGa,1
2024-01,N7ioObCpMP3,0
2024-01,NSLL7YIXBJH,0
2024-01,O5p5idrXdiw,8
2024-01,P53hVYydxdc,0
2024-01,PUPCyKcUwlS,1
2024-01,PdRpVxkVd9a,0
2024-01,QfZ2pVPRFmz,2
2024-01,QzI3Btz60Ne,4
2024-01,RSAZqrdfXy5,1
2024-01,RZxElQxEbZN,0
2024-01,S8J6p6tGXNb,0
2024-01,SJQ2e9HUvaG,0
2024-01,U8Rk7sYzFmK,1
2024-01,VoOb1wMwKp0,8
2024-01,Wep3D4POB3H,2
2024-01,WfE2smSUNDt,3
2024-01,Yacp1fLlWut,0
2024-01,YmFSl06J6cs,1
2024-01,YnUoe8z0OJY,12
2024-01,ZIo35uAAfZo,10
2024-01,ZULmwVN4Zfv,0
2024-01,ZVmULoI6vcV,2
2024-01,bWmwn3sMsG0,4
2024-01,bX87SmYR3TJ,0
2024-01,bjS2Lp3tLxv,3
2024-01,cMWLZfK0O4z,0
2024-01,eW2b8SUYRWt,2
2024-01,ebbAyOhorzo,1
2024-01,elOK8Y2b3Qn,16
2024-01,ewPc6zXy53n,0
2024-01,gannbFbizVo,2
2024-01,grMJpaDdSrD,2
2024-01,hasbXH0dTqM,4
2024-01,i6gMyoP9ReK,5
2024-01,iqLM1XBMxyu,30
2024-01,j0gE31YxwHQ,0
2024-01,j4HVtKmVtwQ,2
2024-01,jJmNryYp6Mc,0
2024-01,kBRVmS9IKRE,0
2024-01,kfrKchZfqGr,8
2024-01,l8tZrJ55yzg,6
2024-01,mMGyx6JG7wj,2
2024-01,q7VB2VrUr83,6
2024-01,qoayxucpZqH,0
2024-01,rsZaqJl5R0A,11
2024-01,t9XsLKdMwA1,6
2024-01,tSE6ctwvZmP,1
2024-01,uHEl9oRZm8L,3
2024-01,uyGkoQ4F9rT,0
2024-01,vjL1uSC10Jh,2
2024-01,wYKHZ0iyjfd,0
2024-01,xGQwwqLQ819,0
2024-01,yP2GELa6inf,6
2024-01,ycBkX3TlIrL,0
2024-01,zkFZKX5RX1A,0
2024-02,A3R7UT64jHf,0
2024-02,A3TeVhjjS2u,2
2024-02,B7X957nA1lM,15
2024-02,BITtrV4c0xf,2
2024-02,BdLcDbLQd88,0
2024-02,BywOwm8jUhf,0
2024-02,CNFRaFUfLjo,17
2024-02,D51gR5DC5vt,0
2024-02,DLyaDAF00hm,0
2024-02,EXKX4gJ9D6Y,0
2024-02,F5xI4hl77mT,8
2024-02,Fh294RrB7an,1
2024-02,GnpIwWbdxdl,0
2024-02,HL5fSUsp2vJ,0
2024-02,HfIRB3HRHvk,3
2024-02,HkwA8YQgJK6,8
2024-02,ICSVN3EZGcy,0
2024-02,IOHIfpVUJGp,1
2024-02,Iqy9A4jXY9l,5
2024-02,JBTkOU5m0Bu,0
2024-02,JH8RPnwv8kB,1
2024-02,LnJ8MTOmgGa,0
2024-02,N7ioObCpMP3,0
2024-02,NSLL7YIXBJH,0
2024-02,O5p5idrXdiw,1
2024-02,P53hVYydxdc,0
2024-02,PUPCyKcUwlS,0
2024-02,PdRpVxkVd9a,0
2024-02,QfZ2pVPRFmz,0
2024-02,QzI3Btz60Ne,0
2024-02,RSAZqrdfXy5,9
2024-02,RZxElQxEbZN,0
2024-02,S8J6p6tGXNb,0
2024-02,SJQ2e9HUvaG,0
2024-02,U8Rk7sYzFmK,10
2024-02,VoOb1wMwKp0,3
2024-02,Wep3D4POB3H,0
2024-02,WfE2smSUNDt,3
2024-02,Yacp1fLlWut,0
2024-02,YmFSl06J6cs,0
2024-02,YnUoe8z0OJY,0
2024-02,ZIo35uAAfZo,0
2024-02,ZULmwVN4Zfv,1
2024-02,ZVmULoI6vcV,2
2024-02,bWmwn3sMsG0,6
2024-02,bX87SmYR3TJ,0
2024-02,bjS2Lp3tLxv,4
2024-02,cMWLZfK0O4z,1
2024-02,eW2b8SUYRWt,5
2024-02,ebbAyOhorzo,0
2024-02,elOK8Y2b3Qn,7
2024-02,ewPc6zXy53n,0
2024-02,gannbFbizVo,7
2024-02,grMJpaDdSrD,0
2024-02,hasbXH0dTqM,4
2024-02,i6gMyoP9ReK,3
2024-02,iqLM1XBMxyu,3
2024-02,j0gE31YxwHQ,0
2024-02,j4HVtKmVtwQ,2
2024-02,jJmNryYp6Mc,0
2024-02,kBRVmS9IKRE,0
2024-02,kfrKchZfqGr,0
2024-02,l8tZrJ55yzg,3
2024-02,mMGyx6JG7wj,3
2024-02,q7VB2VrUr83,3
2024-02,qoayxucpZqH,0
2024-02,rsZaqJl5R0A,11
2024-02,t9XsLKdMwA1,4
2024-02,tSE6ctwvZmP,0
2024-02,uHEl9oRZm8L,8
2024-02,uyGkoQ4F9rT,0
2024-02,vjL1uSC10Jh,4
2024-02,wYKHZ0iyjfd,0
2024-02,xGQwwqLQ819,0
2024-02,yP2GELa6inf,2
2024-02,ycBkX3TlIrL,0
2024-02,zkFZKX5RX1A,0
2024-03,A3R7UT64jHf,1
2024-03,A3TeVhjjS2u,4
2024-03,B7X957nA1lM,6
2024-03,BITtrV4c0xf,3
2024-03,BdLcDbLQd88,0
2024-03,BywOwm8jUhf,0
2024-03,CNFRaFUfLjo,11
2024-03,D51gR5DC5vt,0
2024-03,DLyaDAF00hm,0
2024-03,EXKX4gJ9D6Y,0
2024-03,F5xI4hl77mT,6
2024-03,Fh294RrB7an,0
2024-03,GnpIwWbdxdl,10
2024-03,HL5fSUsp2vJ,0
2024-03,HfIRB3HRHvk,2
2024-03,HkwA8YQgJK6,9
2024-03,ICSVN3EZGcy,2
2024-03,IOHIfpVUJGp,2
2024-03,Iqy9A4jXY9l,3
2024-03,JBTkOU5m0Bu,0
2024-03,JH8RPnwv8kB,4
2024-03,LnJ8MTOmgGa,1
2024-03,N7ioObCpMP3,1
2024-03,NSLL7YIXBJH,0
2024-03,O5p5idrXdiw,2
2024-03,P53hVYydxdc,1
2024-03,PUPCyKcUwlS,0
2024-03,PdRpVxkVd9a,1
2024-03,QfZ2pVPRFmz,0
2024-03,QzI3Btz60Ne,2
2024-03,RSAZqrdfXy5,7
2024-03,RZxElQxEbZN,0
2024-03,S8J6p6tGXNb,0
2024-03,SJQ2e9HUvaG,0
2024-03,U8Rk7sYzFmK,25
2024-03,VoOb1wMwKp0,3
2024-03,Wep3D4POB3H,0
2024-03,WfE2smSUNDt,2
2024-03,Yacp1fLlWut,0
2024-03,YmFSl06J6cs,0
2024-03,YnUoe8z0OJY,1
2024-03,ZIo35uAAfZo,0
2024-03,ZULmwVN4Zfv,1
2024-03,ZVmULoI6vcV,0
2024-03,bWmwn3sMsG0,10
2024-03,bX87SmYR3TJ,0
2024-03,bjS2Lp3tLxv,1
2024-03,cMWLZfK0O4z,2
2024-03,eW2b8SUYRWt,5
2024-03,ebbAyOhorzo,2
2024-03,elOK8Y2b3Qn,14
2024-03,ewPc6zXy53n,0
2024-03,gannbFbizVo,0
2024-03,grMJpaDdSrD,1
2024-03,hasbXH0dTqM,2
2024-03,i6gMyoP9ReK,2
2024-03,iqLM1XBMxyu,2
2024-03,j0gE31YxwHQ,0
2024-03,j4HVtKmVtwQ,1
2024-03,jJmNryYp6Mc,0
2024-03,kBRVmS9IKRE,2
2024-03,kfrKchZfqGr,2
2024-03,l8tZrJ55yzg,4
2024-03,mMGyx6JG7wj,1
2024-03,q7VB2VrUr83,2
2024-03,qoayxucpZqH,0
2024-03,rsZaqJl5R0A,13
2024-03,t9XsLKdMwA1,7
2024-03,tSE6ctwvZmP,0
2024-03,uHEl9oRZm8L,6
2024-03,uyGkoQ4F9rT,1
2024-03,vjL1uSC10Jh,5
2024-03,wYKHZ0iyjfd,0
2024-03,xGQwwqLQ819,1
2024-03,yP2GELa6inf,2
2024-03,ycBkX3TlIrL,0
2024-03,zkFZKX5RX1A,1
2024-04,A3R7UT64jHf,4
2024-04,A3TeVhjjS2u,0
2024-04,B7X957nA1lM,3
2024-04,BITtrV4c0xf,1
2024-04,BdLcDbLQd88,0
2024-04,BywOwm8jUhf,1
2024-04,CNFRaFUfLjo,10
2024-04,D51gR5DC5vt,0
2024-04,DLyaDAF00hm,1
2024-04,EXKX4gJ9D6Y,0
2024-04,F5xI4hl77mT,9
2024-04,Fh294RrB7an,1
2024-04,GnpIwWbdxdl,12
2024-04,HL5fSUsp2vJ,1
2024-04,HfIRB3HRHvk,3
2024-04,HkwA8YQgJK6,6
2024-04,ICSVN3EZGcy,1
2024-04,IOHIfpVUJGp,2
2024-04,Iqy9A4jXY9l,1
2024-04,JBTkOU5m0Bu,1
2024-04,JH8RPnwv8kB,2
2024-04,LnJ8MTOmgGa,1
2024-04,N7ioObCpMP3,1
2024-04,NSLL7YIXBJH,0
2024-04,O5p5idrXdiw,1
2024-04,P53hVYydxdc,0
2024-04,PUPCyKcUwlS,1
2024-04,PdRpVxkVd9a,4
2024-04,QfZ2pVPRFmz,0
2024-04,QzI3Btz60Ne,2
2024-04,RSAZqrdfXy5,12
2024-04,RZxElQxEbZN,0
2024-04,S8J6p6tGXNb,0
2024-04,SJQ2e9HUvaG,1
2024-04,U8Rk7sYzFmK,2
2024-04,VoOb1wMwKp0,4
2024-04,Wep3D4POB3H,0
2024-04,WfE2smSUNDt,2
2024-04,Yacp1fLlWut,0
2024-04,YmFSl06J6cs,0
2024-04,YnUoe8z0OJY,3
2024-04,ZIo35uAAfZo,7
2024-04,ZULmwVN4Zfv,0
2024-04,ZVmULoI6vcV,0
2024-04,bWmwn3sMsG0,2
2024-04,bX87SmYR3TJ,0
2024-04,bjS2Lp3tLxv,2
2024-04,cMWLZfK0O4z,2
2024-04,eW2b8SUYRWt,1
2024-04,ebbAyOhorzo,0
2024-04,elOK8Y2b3Qn,36
2024-04,ewPc6zXy53n,0
2024-04,gannbFbizVo,1
2024-04,grMJpaDdSrD,0
2024-04,hasbXH0dTqM,4
2024-04,i6gMyoP9ReK,4
2024-04,iqLM1XBMxyu,8
2024-04,j0gE31YxwHQ,0
2024-04,j4HVtKmVtwQ,1
2024-04,jJmNryYp6Mc,0
2024-04,kBRVmS9IKRE,0
2024-04,kfrKchZfqGr,11
2024-04,l8tZrJ55yzg,3
2024-04,mMGyx6JG7wj,1
2024-04,q7VB2VrUr83,1
2024-04,qoayxucpZqH,0
2024-04,rsZaqJl5R0A,12
2024-04,t9XsLKdMwA1,5
2024-04,tSE6ctwvZmP,0
2024-04,uHEl9oRZm8L,6
2024-04,uyGkoQ4F9rT,0
2024-04,vjL1uSC10Jh,1
2024-04,wYKHZ0iyjfd,1
2024-04,xGQwwqLQ819,1
2024-04,yP2GELa6inf,4
2024-04,ycBkX3TlIrL,1
2024-04,zkFZKX5RX1A,0
2024-05,A3R7UT64jHf,5
2024-05,A3TeVhjjS2u,2
2024-05,B7X957nA1lM,7
2024-05,BITtrV4c0xf,0
2024-05,BdLcDbLQd88,1
2024-05,BywOwm8jUhf,7
2024-05,CNFRaFUfLjo,44
2024-05,D51gR5DC5vt,0
2024-05,DLyaDAF00hm,0
2024-05,EXKX4gJ9D6Y,0
2024-05,F5xI4hl77mT,2
2024-05,Fh294RrB7an,1
2024-05,GnpIwWbdxdl,2
2024-05,HL5fSUsp2vJ,1
2024-05,HfIRB3HRHvk,4
2024-05,HkwA8YQgJK6,2
2024-05,ICSVN3EZGcy,2
2024-05,IOHIfpVUJGp,1
2024-05,Iqy9A4jXY9l,4
2024-05,JBTkOU5m0Bu,1
2024-05,JH8RPnwv8kB,1
2024-05,LnJ8MTOmgGa,1
2024-05,N7ioObCpMP3,0
2024-05,NSLL7YIXBJH,0
2024-05,O5p5idrXdiw,1
2024-05,P53hVYydxdc,0
2024-05,PUPCyKcUwlS,1
2024-05,PdRpVxkVd9a,1
2024-05,QfZ2pVPRFmz,2
2024-05,QzI3Btz60Ne,2
2024-05,RSAZqrdfXy5,7
2024-05,RZxElQxEbZN,0
2024-05,S8J6p6tGXNb,2
2024-05,SJQ2e9HUvaG,0
2024-05,U8Rk7sYzFmK,5
2024-05,VoOb1wMwKp0,2
2024-05,Wep3D4POB3H,1
2024-05,WfE2smSUNDt,3
2024-05,Yacp1fLlWut,0
2024-05,YmFSl06J6cs,0
2024-05,YnUoe8z0OJY,2
2024-05,ZIo35uAAfZo,7
2024-05,ZULmwVN4Zfv,2
2024-05,ZVmULoI6vcV,8
2024-05,bWmwn3sMsG0,0
2024-05,bX87SmYR3TJ,0
2024-05,bjS2Lp3tLxv,4
2024-05,cMWLZfK0O4z,6
2024-05,eW2b8SUYRWt,2
2024-05,ebbAyOhorzo,0
2024-05,elOK8Y2b3Qn,32
2024-05,ewPc6zXy53n,0
2024-05,gannbFbizVo,1
2024-05,grMJpaDdSrD,2
2024-05,hasbXH0dTqM,9
2024-05,i6gMyoP9ReK,3
2024-05,iqLM1XBMxyu,16
2024-05,j0gE31YxwHQ,0
2024-05,j4HVtKmVtwQ,2
2024-05,jJmNryYp6Mc,0
2024-05,kBRVmS9IKRE,0
2024-05,kfrKchZfqGr,17
2024-05,l8tZrJ55yzg,4
2024-05,mMGyx6JG7wj,0
2024-05,q7VB2VrUr83,1
2024-05,qoayxucpZqH,0
2024-05,rsZaqJl5R0A,9
2024-05,t9XsLKdMwA1,4
2024-05,tSE6ctwvZmP,0
2024-05,uHEl9oRZm8L,4
2024-05,uyGkoQ4F9rT,2
2024-05,vjL1uSC10Jh,1
2024-05,wYKHZ0iyjfd,7
2024-05,xGQwwqLQ819,0
2024-05,yP2GELa6inf,0
2024-05,ycBkX3TlIrL,2
2024-05,zkFZKX5RX1A,0
2024-06,A3R7UT64jHf,3
2024-06,A3TeVhjjS2u,1
2024-06,B7X957nA1lM,8
2024-06,BITtrV4c0xf,1
2024-06,BdLcDbLQd88,0
2024-06,BywOwm8jUhf,6
2024-06,CNFRaFUfLjo,15
2024-06,D51gR5DC5vt,0
2024-06,DLyaDAF00hm,0
2024-06,EXKX4gJ9D6Y,2
2024-06,F5xI4hl77mT,2
2024-06,Fh294RrB7an,0
2024-06,GnpIwWbdxdl,9
2024-06,HL5fSUsp2vJ,1
2024-06,HfIRB3HRHvk,7
2024-06,HkwA8YQgJK6,20
2024-06,ICSVN3EZGcy,3
2024-06,IOHIfpVUJGp,0
2024-06,Iqy9A4jXY9l,3
2024-06,JBTkOU5m0Bu,1
2024-06,JH8RPnwv8kB,2
2024-06,LnJ8MTOmgGa,6
2024-06,N7ioObCpMP3,1
2024-06,NSLL7YIXBJH,3
2024-06,O5p5idrXdiw,2
2024-06,P53hVYydxdc,0
2024-06,PUPCyKcUwlS,0
2024-06,PdRpVxkVd9a,1
2024-06,QfZ2pVPRFmz,0
2024-06,QzI3Btz60Ne,4
2024-06,RSAZqrdfXy5,14
2024-06,RZxElQxEbZN,0
2024-06,S8J6p6tGXNb,10
2024-06,SJQ2e9HUvaG,0
2024-06,U8Rk7sYzFmK,2
2024-06,VoOb1wMwKp0,11
2024-06,Wep3D4POB3H,0
2024-06,WfE2smSUNDt,3
2024-06,Yacp1fLlWut,1
2024-06,YmFSl06J6cs,0
2024-06,YnUoe8z0OJY,6
2024-06,ZIo35uAAfZo,4
2024-06,ZULmwVN4Zfv,0
2024-06,ZVmULoI6vcV,15
2024-06,bWmwn3sMsG0,11
2024-06,bX87SmYR3TJ,2
2024-06,bjS2Lp3tLxv,8
2024-06,cMWLZfK0O4z,9
2024-06,eW2b8SUYRWt,29
2024-06,ebbAyOhorzo,1
2024-06,elOK8Y2b3Qn,51
2024-06,ewPc6zXy53n,0
2024-06,gannbFbizVo,1
2024-06,grMJpaDdSrD,0
2024-06,hasbXH0dTqM,15
2024-06,i6gMyoP9ReK,4
2024-06,iqLM1XBMxyu,22
2024-06,j0gE31YxwHQ,0
2024-06,j4HVtKmVtwQ,3
2024-06,jJmNryYp6Mc,1
2024-06,kBRVmS9IKRE,1
2024-06,kfrKchZfqGr,9
2024-06,l8tZrJ55yzg,3
2024-06,mMGyx6JG7wj,3
2024-06,q7VB2VrUr83,7
2024-06,qoayxucpZqH,0
2024-06,rsZaqJl5R0A,9
2024-06,t9XsLKdMwA1,0
2024-06,tSE6ctwvZmP,0
2024-06,uHEl9oRZm8L,5
2024-06,uyGkoQ4F9rT,2
2024-06,vjL1uSC10Jh,2
2024-06,wYKHZ0iyjfd,2
2024-06,xGQwwqLQ819,1
2024-06,yP2GELa6inf,0
2024-06,ycBkX3TlIrL,1
2024-06,zkFZKX5RX1A,1
2024-07,A3R7UT64jHf,2
2024-07,A3TeVhjjS2u,12
2024-07,B7X957nA1lM,14
2024-07,BITtrV4c0xf,0
2024-07,BdLcDbLQd88,1
2024-07,BywOwm8jUhf,5
2024-07,CNFRaFUfLjo,10
2024-07,D51gR5DC5vt,0
2024-07,DLyaDAF00hm,0
2024-07,EXKX4gJ9D6Y,1
2024-07,F5xI4hl77mT,12
2024-07,Fh294RrB7an,1
2024-07,GnpIwWbdxdl,16
2024-07,HL5fSUsp2vJ,1
2024-07,HfIRB3HRHvk,7
2024-07,HkwA8YQgJK6,4
2024-07,ICSVN3EZGcy,22
2024-07,IOHIfpVUJGp,3
2024-07,Iqy9A4jXY9l,19
2024-07,JBTkOU5m0Bu,1
2024-07,JH8RPnwv8kB,11
2024-07,LnJ8MTOmgGa,5
2024-07,N7ioObCpMP3,0
2024-07,NSLL7YIXBJH,3
2024-07,O5p5idrXdiw,5
2024-07,P53hVYydxdc,0
2024-07,PUPCyKcUwlS,0
2024-07,PdRpVxkVd9a,5
2024-07,QfZ2pVPRFmz,5
2024-07,QzI3Btz60Ne,3
2024-07,RSAZqrdfXy5,23
2024-07,RZxElQxEbZN,0
2024-07,S8J6p6tGXNb,12
2024-07,SJQ2e9HUvaG,0
2024-07,U8Rk7sYzFmK,13
2024-07,VoOb1wMwKp0,6
2024-07,Wep3D4POB3H,1
2024-07,WfE2smSUNDt,4
2024-07,Yacp1fLlWut,0
2024-07,YmFSl06J6cs,1
2024-07,YnUoe8z0OJY,32
2024-07,ZIo35uAAfZo,20
2024-07,ZULmwVN4Zfv,4
2024-07,ZVmULoI6vcV,36
2024-07,bWmwn3sMsG0,24
2024-07,bX87SmYR3TJ,1
2024-07,bjS2Lp3tLxv,11
2024-07,cMWLZfK0O4z,9
2024-07,eW2b8SUYRWt,15
2024-07,ebbAyOhorzo,4
2024-07,elOK8Y2b3Qn,109
2024-07,ewPc6zXy53n,0
2024-07,gannbFbizVo,3
2024-07,grMJpaDdSrD,4
2024-07,hasbXH0dTqM,23
2024-07,i6gMyoP9ReK,11
2024-07,iqLM1XBMxyu,206
2024-07,j0gE31YxwHQ,0
2024-07,j4HVtKmVtwQ,3
2024-07,jJmNryYp6Mc,1
2024-07,kBRVmS9IKRE,9
2024-07,kfrKchZfqGr,274
2024-07,l8tZrJ55yzg,11
2024-07,mMGyx6JG7wj,5
2024-07,q7VB2VrUr83,11
2024-07,qoayxucpZqH,1
2024-07,rsZaqJl5R0A,15
2024-07,t9XsLKdMwA1,9
2024-07,tSE6ctwvZmP,0
2024-07,uHEl9oRZm8L,27
2024-07,uyGkoQ4F9rT,3
2024-07,vjL1uSC10Jh,1
2024-07,wYKHZ0iyjfd,3
2024-07,xGQwwqLQ819,2
2024-07,yP2GELa6inf,0
2024-07,ycBkX3TlIrL,1
2024-07,zkFZKX5RX1A,0
2024-08,A3R7UT64jHf,6
2024-08,A3TeVhjjS2u,57
2024-08,B7X957nA1lM,22
2024-08,BITtrV4c0xf,6
2024-08,BdLcDbLQd88,2
2024-08,BywOwm8jUhf,7
2024-08,CNFRaFUfLjo,38
2024-08,D51gR5DC5vt,2
2024-08,DLyaDAF00hm,0
2024-08,EXKX4gJ9D6Y,11
2024-08,F5xI4hl77mT,28
2024-08,Fh294RrB7an,14
2024-08,GnpIwWbdxdl,20
2024-08,HL5fSUsp2vJ,5
2024-08,HfIRB3HRHvk,41
2024-08,HkwA8YQgJK6,3
2024-08,ICSVN3EZGcy,620
2024-08,IOHIfpVUJGp,4
2024-08,Iqy9A4jXY9l,76
2024-08,JBTkOU5m0Bu,1
2024-08,JH8RPnwv8kB,84
2024-08,LnJ8MTOmgGa,8
2024-08,N7ioObCpMP3,9
2024-08,NSLL7YIXBJH,16
2024-08,O5p5idrXdiw,54
2024-08,P53hVYydxdc,3
2024-08,PUPCyKcUwlS,10
2024-08,PdRpVxkVd9a,9
2024-08,QfZ2pVPRFmz,22
2024-08,QzI3Btz60Ne,26
2024-08,RSAZqrdfXy5,75
2024-08,RZxElQxEbZN,3
2024-08,S8J6p6tGXNb,6
2024-08,SJQ2e9HUvaG,10
2024-08,U8Rk7sYzFmK,16
2024-08,VoOb1wMwKp0,3
2024-08,Wep3D4POB3H,1
2024-08,WfE2smSUNDt,30
2024-08,Yacp1fLlWut,1
2024-08,YmFSl06J6cs,4
2024-08,YnUoe8z0OJY,195
2024-08,ZIo35uAAfZo,31
2024-08,ZULmwVN4Zfv,14
2024-08,ZVmULoI6vcV,40
2024-08,bWmwn3sMsG0,46
2024-08,bX87SmYR3TJ,4
2024-08,bjS2Lp3tLxv,82
2024-08,cMWLZfK0O4z,41
2024-08,eW2b8SUYRWt,17
2024-08,ebbAyOhorzo,8
2024-08,elOK8Y2b3Qn,282
2024-08,ewPc6zXy53n,0
2024-08,gannbFbizVo,6
2024-08,grMJpaDdSrD,24
2024-08,hasbXH0dTqM,40
2024-08,i6gMyoP9ReK,36
2024-08,iqLM1XBMxyu,1523
2024-08,j0gE31YxwHQ,0
2024-08,j4HVtKmVtwQ,9
2024-08,jJmNryYp6Mc,1
2024-08,kBRVmS9IKRE,37
2024-08,kfrKchZfqGr,853
2024-08,l8tZrJ55yzg,29
2024-08,mMGyx6JG7wj,12
2024-08,q7VB2VrUr83,28
2024-08,qoayxucpZqH,0
2024-08,rsZaqJl5R0A,44
2024-08,t9XsLKdMwA1,20
2024-08,tSE6ctwvZmP,4
2024-08,uHEl9oRZm8L,32
2024-08,uyGkoQ4F9rT,6
2024-08,vjL1uSC10Jh,7
2024-08,wYKHZ0iyjfd,6
2024-08,xGQwwqLQ819,12
2024-08,yP2GELa6inf,9
2024-08,ycBkX3TlIrL,4
2024-08,zkFZKX5RX1A,1
2024-09,A3R7UT64jHf,25
2024-09,A3TeVhjjS2u,287
2024-09,B7X957nA1lM,25
2024-09,BITtrV4c0xf,19
2024-09,BdLcDbLQd88,2
2024-09,BywOwm8jUhf,19
2024-09,CNFRaFUfLjo,46
2024-09,D51gR5DC5vt,4
2024-09,DLyaDAF00hm,9
2024-09,EXKX4gJ9D6Y,27
2024-09,F5xI4hl77mT,81
2024-09,Fh294RrB7an,22
2024-09,GnpIwWbdxdl,32
2024-09,HL5fSUsp2vJ,19
2024-09,HfIRB3HRHvk,165
2024-09,HkwA8YQgJK6,19
2024-09,ICSVN3EZGcy,658
2024-09,IOHIfpVUJGp,29
2024-09,Iqy9A4jXY9l,168
2024-09,JBTkOU5m0Bu,16
2024-09,JH8RPnwv8kB,400
2024-09,LnJ8MTOmgGa,14
2024-09,N7ioObCpMP3,12
2024-09,NSLL7YIXBJH,42
2024-09,O5p5idrXdiw,82
2024-09,P53hVYydxdc,14
2024-09,PUPCyKcUwlS,29
2024-09,PdRpVxkVd9a,27
2024-09,QfZ2pVPRFmz,99
2024-09,QzI3Btz60Ne,101
2024-09,RSAZqrdfXy5,145
2024-09,RZxElQxEbZN,0
2024-09,S8J6p6tGXNb,9
2024-09,SJQ2e9HUvaG,8
2024-09,U8Rk7sYzFmK,64
2024-09,VoOb1wMwKp0,12
2024-09,Wep3D4POB3H,5
2024-09,WfE2smSUNDt,42
2024-09,Yacp1fLlWut,0
2024-09,YmFSl06J6cs,33
2024-09,YnUoe8z0OJY,308
2024-09,ZIo35uAAfZo,53
2024-09,ZULmwVN4Zfv,48
2024-09,ZVmULoI6vcV,83
2024-09,bWmwn3sMsG0,103
2024-09,bX87SmYR3TJ,27
2024-09,bjS2Lp3tLxv,165
2024-09,cMWLZfK0O4z,55
2024-09,eW2b8SUYRWt,26
2024-09,ebbAyOhorzo,13
2024-09,elOK8Y2b3Qn,1521
2024-09,ewPc6zXy53n,0
2024-09,gannbFbizVo,36
2024-09,grMJpaDdSrD,68
2024-09,hasbXH0dTqM,43
2024-09,i6gMyoP9ReK,112
2024-09,iqLM1XBMxyu,3578
2024-09,j0gE31YxwHQ,0
2024-09,j4HVtKmVtwQ,33
2024-09,jJmNryYp6Mc,2
2024-09,kBRVmS9IKRE,55
2024-09,kfrKchZfqGr,587
2024-09,l8tZrJ55yzg,63
2024-09,mMGyx6JG7wj,43
2024-09,q7VB2VrUr83,114
2024-09,qoayxucpZqH,12
2024-09,rsZaqJl5R0A,98
2024-09,t9XsLKdMwA1,59
2024-09,tSE6ctwvZmP,6
2024-09,uHEl9oRZm8L,50
2024-09,uyGkoQ4F9rT,53
2024-09,vjL1uSC10Jh,9
2024-09,wYKHZ0iyjfd,24
2024-09,xGQwwqLQ819,17
2024-09,yP2GELa6inf,18
2024-09,ycBkX3TlIrL,9
2024-09,zkFZKX5RX1A,6
2024-10,A3R7UT64jHf,25
2024-10,A3TeVhjjS2u,602
2024-10,B7X957nA1lM,60
2024-10,BITtrV4c0xf,19
2024-10,BdLcDbLQd88,4
2024-10,BywOwm8jUhf,12
2024-10,CNFRaFUfLjo,43
2024-10,D51gR5DC5vt,6
2024-10,DLyaDAF00hm,9
2024-10,EXKX4gJ9D6Y,26
2024-10,F5xI4hl77mT,46
2024-10,Fh294RrB7an,46
2024-10,GnpIwWbdxdl,32
2024-10,HL5fSUsp2vJ,10
2024-10,HfIRB3HRHvk,705
2024-10,HkwA8YQgJK6,25
2024-10,ICSVN3EZGcy,421
2024-10,IOHIfpVUJGp,47
2024-10,Iqy9A4jXY9l,107
2024-10,JBTkOU5m0Bu,7
2024-10,JH8RPnwv8kB,649
2024-10,LnJ8MTOmgGa,23
2024-10,N7ioObCpMP3,18
2024-10,NSLL7YIXBJH,42
2024-10,O5p5idrXdiw,91
2024-10,P53hVYydxdc,9
2024-10,PUPCyKcUwlS,13
2024-10,PdRpVxkVd9a,26
2024-10,QfZ2pVPRFmz,107
2024-10,QzI3Btz60Ne,195
2024-10,RSAZqrdfXy5,161
2024-10,RZxElQxEbZN,0
2024-10,S8J6p6tGXNb,7
2024-10,SJQ2e9HUvaG,7
2024-10,U8Rk7sYzFmK,93
2024-10,VoOb1wMwKp0,9
2024-10,Wep3D4POB3H,9
2024-10,WfE2smSUNDt,24
2024-10,Yacp1fLlWut,4
2024-10,YmFSl06J6cs,22
2024-10,YnUoe8z0OJY,302
2024-10,ZIo35uAAfZo,77
2024-10,ZULmwVN4Zfv,20
2024-10,ZVmULoI6vcV,195
2024-10,bWmwn3sMsG0,60
2024-10,bX87SmYR3TJ,13
2024-10,bjS2Lp3tLxv,162
2024-10,cMWLZfK0O4z,33
2024-10,eW2b8SUYRWt,7
2024-10,ebbAyOhorzo,22
2024-10,elOK8Y2b3Qn,2518
2024-10,ewPc6zXy53n,0
2024-10,gannbFbizVo,52
2024-10,grMJpaDdSrD,65
2024-10,hasbXH0dTqM,33
2024-10,i6gMyoP9ReK,72
2024-10,iqLM1XBMxyu,1877
2024-10,j0gE31YxwHQ,0
2024-10,j4HVtKmVtwQ,51
2024-10,jJmNryYp6Mc,5
2024-10,kBRVmS9IKRE,33
2024-10,kfrKchZfqGr,545
2024-10,l8tZrJ55yzg,67
2024-10,mMGyx6JG7wj,45
2024-10,q7VB2VrUr83,185
2024-10,qoayxucpZqH,4
2024-10,rsZaqJl5R0A,160
2024-10,t9XsLKdMwA1,75
2024-10,tSE6ctwvZmP,16
2024-10,uHEl9oRZm8L,25
2024-10,uyGkoQ4F9rT,85
2024-10,vjL1uSC10Jh,11
2024-10,wYKHZ0iyjfd,30
2024-10,xGQwwqLQ819,14
2024-10,yP2GELa6inf,15
2024-10,ycBkX3TlIrL,5
2024-10,zkFZKX5RX1A,9
2024-11,A3R7UT64jHf,17
2024-11,A3TeVhjjS2u,395
2024-11,B7X957nA1lM,20
2024-11,BITtrV4c0xf,6
2024-11,BdLcDbLQd88,5
2024-11,BywOwm8jUhf,5
2024-11,CNFRaFUfLjo,31
2024-11,D51gR5DC5vt,2
2024-11,DLyaDAF00hm,4
2024-11,EXKX4gJ9D6Y,15
2024-11,F5xI4hl77mT,51
2024-11,Fh294RrB7an,24
2024-11,GnpIwWbdxdl,22
2024-11,HL5fSUsp2vJ,1
2024-11,HfIRB3HRHvk,312
2024-11,HkwA8YQgJK6,12
2024-11,ICSVN3EZGcy,121
2024-11,IOHIfpVUJGp,19
2024-11,Iqy9A4jXY9l,40
2024-11,JBTkOU5m0Bu,3
2024-11,JH8RPnwv8kB,275
2024-11,LnJ8MTOmgGa,8
2024-11,N7ioObCpMP3,3
2024-11,NSLL7YIXBJH,11
2024-11,O5p5idrXdiw,75
2024-11,P53hVYydxdc,1
2024-11,PUPCyKcUwlS,8
2024-11,PdRpVxkVd9a,29
2024-11,QfZ2pVPRFmz,61
2024-11,QzI3Btz60Ne,76
2024-11,RSAZqrdfXy5,65
2024-11,RZxElQxEbZN,3
2024-11,S8J6p6tGXNb,1
2024-11,SJQ2e9HUvaG,1
2024-11,U8Rk7sYzFmK,23
2024-11,VoOb1wMwKp0,5
2024-11,Wep3D4POB3H,4
2024-11,WfE2smSUNDt,12
2024-11,Yacp1fLlWut,1
2024-11,YmFSl06J6cs,13
2024-11,YnUoe8z0OJY,122
2024-11,ZIo35uAAfZo,62
2024-11,ZULmwVN4Zfv,2
2024-11,ZVmULoI6vcV,102
2024-11,bWmwn3sMsG0,19
2024-11,bX87SmYR3TJ,11
2024-11,bjS2Lp3tLxv,78
2024-11,cMWLZfK0O4z,23
2024-11,eW2b8SUYRWt,4
2024-11,ebbAyOhorzo,24
2024-11,elOK8Y2b3Qn,1305
2024-11,ewPc6zXy53n,0
2024-11,gannbFbizVo,18
2024-11,grMJpaDdSrD,12
2024-11,hasbXH0dTqM,16
2024-11,i6gMyoP9ReK,48
2024-11,iqLM1XBMxyu,391
2024-11,j0gE31YxwHQ,0
2024-11,j4HVtKmVtwQ,30
2024-11,jJmNryYp6Mc,1
2024-11,kBRVmS9IKRE,19
2024-11,kfrKchZfqGr,242
2024-11,l8tZrJ55yzg,31
2024-11,mMGyx6JG7wj,36
2024-11,q7VB2VrUr83,76
2024-11,qoayxucpZqH,3
2024-11,rsZaqJl5R0A,112
2024-11,t9XsLKdMwA1,38
2024-11,tSE6ctwvZmP,4
2024-11,uHEl9oRZm8L,7
2024-11,uyGkoQ4F9rT,21
2024-11,vjL1uSC10Jh,3
2024-11,wYKHZ0iyjfd,14
2024-11,xGQwwqLQ819,7
2024-11,yP2GELa6inf,9
2024-11,ycBkX3TlIrL,1
2024-11,zkFZKX5RX1A,2
2024-12,A3R7UT64jHf,0
2024-12,A3TeVhjjS2u,0
2024-12,B7X957nA1lM,1
2024-12,BITtrV4c0xf,0
2024-12,BdLcDbLQd88,0
2024-12,BywOwm8jUhf,0
2024-12,CNFRaFUfLjo,1
2024-12,D51gR5DC5vt,0
2024-12,DLyaDAF00hm,0
2024-12,EXKX4gJ9D6Y,1
2024-12,F5xI4hl77mT,0
2024-12,Fh294RrB7an,0
2024-12,GnpIwWbdxdl,0
2024-12,HL5fSUsp2vJ,0
2024-12,HfIRB3HRHvk,0
2024-12,HkwA8YQgJK6,1
2024-12,ICSVN3EZGcy,0
2024-12,IOHIfpVUJGp,0
2024-12,Iqy9A4jXY9l,1
2024-12,JBTkOU5m0Bu,0
2024-12,JH8RPnwv8kB,3
2024-12,LnJ8MTOmgGa,0
2024-12,N7ioObCpMP3,0
2024-12,NSLL7YIXBJH,0
2024-12,O5p5idrXdiw,2
2024-12,P53hVYydxdc,0
2024-12,PUPCyKcUwlS,0
2024-12,PdRpVxkVd9a,0
2024-12,QfZ2pVPRFmz,2
2024-12,QzI3Btz60Ne,1
2024-12,RSAZqrdfXy5,1
2024-12,RZxElQxEbZN,0
2024-12,S8J6p6tGXNb,0
2024-12,SJQ2e9HUvaG,0
2024-12,U8Rk7sYzFmK,1
2024-12,VoOb1wMwKp0,0
2024-12,Wep3D4POB3H,0
2024-12,WfE2smSUNDt,0
2024-12,Yacp1fLlWut,0
2024-12,YmFSl06J6cs,0
2024-12,YnUoe8z0OJY,2
2024-12,ZIo35uAAfZo,1
2024-12,ZULmwVN4Zfv,0
2024-12,ZVmULoI6vcV,0
2024-12,bWmwn3sMsG0,0
2024-12,bX87SmYR3TJ,0
2024-12,bjS2Lp3tLxv,0
2024-12,cMWLZfK0O4z,0
2024-12,eW2b8SUYRWt,0
2024-12,ebbAyOhorzo,1
2024-12,elOK8Y2b3Qn,28
2024-12,ewPc6zXy53n,0
2024-12,gannbFbizVo,0
2024-12,grMJpaDdSrD,0
2024-12,hasbXH0dTqM,0
2024-12,i6gMyoP9ReK,1
2024-12,iqLM1XBMxyu,11
2024-12,j0gE31YxwHQ,0
2024-12,j4HVtKmVtwQ,0
2024-12,jJmNryYp6Mc,0
2024-12,kBRVmS9IKRE,0
2024-12,kfrKchZfqGr,3
2024-12,l8tZrJ55yzg,1
2024-12,mMGyx6JG7wj,2
2024-12,q7VB2VrUr83,0
2024-12,qoayxucpZqH,0
2024-12,rsZaqJl5R0A,0
2024-12,t9XsLKdMwA1,0
2024-12,tSE6ctwvZmP,0
2024-12,uHEl9oRZm8L,0
2024-12,uyGkoQ4F9rT,0
2024-12,vjL1uSC10Jh,0
2024-12,wYKHZ0iyjfd,2
2024-12,xGQwwqLQ819,0
2024-12,yP2GELa6inf,0
2024-12,ycBkX3TlIrL,0
2024-12,zkFZKX5RX1A,0
